transaction_id,account_id,department_id,period_id,transaction_date,amount,transaction_type,description,journal_entry_id,legacy_flag
TXN0100,ACC002,DEPT06,PER008,2024-08-08,69196.89,Credit,Professional Services Revenue - Aug 2024,JE1099,
TXN0044,ACC002,DEPT06,PER004,2024-04-28,56835.54,Credit,Professional Services Revenue - Apr 2024,JE1043,legacy_flag
TXN0151,ACC011,DEPT08,PER011,2024-11-15,16907.9,DEBIT,Rent & Facilities - Nov 2024,JE1150,
TXN0060,ACC004,DEPT06,PER005,2024-05-23,8845.68,Credit,Training & Certification Revenue - May 2024,JE1059,
TXN0026,ACC012,DEPT01,PER002,02/08/2024,10897.1,Debit,Software & SaaS Tools - Feb 2024,JE1025,
TXN0113,ACC001,DEPT02,PER009,2024-09-24,268510.1,Credit,Software Subscriptions - Sep 2024,JE1112,
TXN0307,ACC013,DEPT09,PER022,2025-10-16,14925.61,Debit,Legal & Professional Fees - Oct 2025,JE1306,
TXN0318,ACC010,DEPT10,PER023,2025-11-13,6291.56,Debit,Travel & Entertainment - Nov 2025,JE1317,legacy_flag
TXN0302,ACC008,DEPT06,PER022,10/04/2025,205918.74,Debit,Salaries & Benefits - Oct 2025,JE1301,
TXN0189,ACC007,DEPT06,PER014,2025-02-05,32570.26,Debit,Professional Services Delivery - Feb 2025,JE1188,legacy_flag
TXN0124,ACC012,DEPT04,PER009,2024-09-26,6337.54,Debit,Software & SaaS Tools - Sep 2024,JE1123,
TXN0162,ACC008,DEPT01,PER012,2024-12-25,171114.36,Debit,Salaries & Benefits - Dec 2024,JE1161,legacy_flag
TXN0062,ACC006,DEPT07,PER005,2024-05-03,21223.17,Debit,Third-Party Software Licenses - May 2024,JE1061,
TXN0176,ACC008,DEPT06,PER013,2025-01-23,117991.04,Debit,Salaries & Benefits - Jan 2025,JE1175,
TXN0186,ACC004,DEPT06,PER014,2025-02-16,,Credit,Training & Certification Revenue - Feb 2025,JE1185,
TXN0143,ACC003,DEPT06,PER011,2024-11-24,25128.64,Credit,Support & Maintenance Revenue - Nov 2024,JE1142,
TXN0178,ACC010,DEPT06,PER013,2025-01-18,5948.2,Debit,Travel & Entertainment - Jan 2025,JE1177,
 TXN0011,ACC011,DEPT08,PER001,01/12/2024,12870.39,Debit,Rent & Facilities - Jan 2024,JE1010,
TXN0154,ACC014,DEPT08,PER011,2024-11-03,5424.34,Debit,Depreciation & Amortization - Nov 2024,JE1153,
TXN0088,ACC004,DEPT06,PER007,2024-07-22,8713.48,Credit,Training & Certification Revenue - Jul 2024,JE1087,legacy_flag
TXN0205,ACC009,DEPT03,PER015,2025-03-06,29433.38,Debit,Marketing & Advertising - Mar 2025,JE1204,
TXN0188,ACC006,DEPT07,PER014,2025-02-24,21802.1,Debit,Third-Party Software Licenses - Feb 2025,JE1187,
TXN0051,ACC009,DEPT03,PER004,2024-04-27,18855.47,DEBIT,Marketing & Advertising - Apr 2024,JE1050,
TXN0227,ACC003,DEPT06,PER017,2025-05-06,21988.46,Credit,Support & Maintenance Revenue - May 2025,JE1226,
TXN0223,ACC013,DEPT09,PER016,2025-04-11,8468.63,Debit,Legal & Professional Fees - Apr 2025,JE1222,
TXN0299,ACC005,DEPT01,PER022,2025-10-25,75812.17,Debit,Cloud Infrastructure - Oct 2025,JE1298,
TXN0002,ACC002,DEPT06,PER001,01/05/2024,35491.68,Credit,Professional Services Revenue - Jan 2024,JE1001,
TXN0037,ACC009,DEPT03,PER003,2024-03-13,34412.93,Debit,Marketing & Advertising - Mar 2024,JE1036,
TXN0332,ACC010,DEPT06,PER024,2025-12-21,9183.29,Debit,Travel & Entertainment - Dec 2025,JE1331,legacy_flag
TXN0073,ACC003,DEPT06,PER006,2024-06-15,24527.46,Credit,Support & Maintenance Revenue - Jun 2024,JE1072,
TXN0224,ACC014,DEPT08,PER016,2025-04-09,9177.2,Debit,Depreciation & Amortization - Apr 2025,JE1223,legacy_flag
TXN0334,ACC012,DEPT07,PER024,2025-12-11,15552.8,debit,Software & SaaS Tools - Dec 2025,JE1333,
TXN0050,ACC008,DEPT07,PER004,2024-04-03,91823.06,Debit,Salaries & Benefits - Apr 2024,JE1049,
TXN0157,ACC003,DEPT06,PER012,2024-12-16,19976.3,Credit,Support & Maintenance Revenue - Dec 2024,JE1156,
TXN0106,ACC008,DEPT01,PER008,08/24/2024,104310.86,Debit,Salaries & Benefits - Aug 2024,JE1105,legacy_flag
TXN0195,ACC013,DEPT09,PER014,2025-02-09,7138.69,Debit,Legal & Professional Fees - Feb 2025,JE1194,
TXN0083,ACC013,DEPT09,PER006,2024-06-02,4978.68,Debit,Legal & Professional Fees - Jun 2024,JE1082,
 TXN0163,ACC009,DEPT03,PER012,2024-12-26,33317.25,Debit,Marketing & Advertising - Dec 2024,JE1162,
TXN0022,ACC008,DEPT07,PER002,2024-02-24,124003.63,Debit,Salaries & Benefits - Feb 2024,JE1021,legacy_flag
TXN0014,ACC014,DEPT08,PER001,01/03/2024,4483.84,Debit,Depreciation & Amortization - Jan 2024,JE1013,
 TXN0296,ACC002,DEPT06,PER022,2025-10-22,66666.85,Credit,Professional Services Revenue - Oct 2025,JE1295,legacy_flag
TXN0112,ACC014,DEPT08,PER008,2024-08-21,4812.76,Debit,Depreciation & Amortization - Aug 2024,JE1111,
TXN0063,ACC007,,PER005,2024-05-22,36960.64,Debit,Professional Services Delivery - May 2024,JE1062,
TXN0116,ACC004,DEPT06,PER009,2024-09-27,20520.06,Credit,Training & Certification Revenue - Sep 2024,JE1115,
TXN0190,ACC008,DEPT07,PER014,2025-02-01,187438.48,Debit,Salaries & Benefits - Feb 2025,JE1189,
 TXN0261,ACC009,DEPT03,PER019,2025-07-10,33089.9,Debit,Marketing & Advertising - Jul 2025,JE1260,
TXN0048,ACC006,DEPT01,PER004,2024-04-04,13078.86,Debit,Third-Party Software Licenses - Apr 2024,JE1047,
TXN0187,ACC005,DEPT01,PER014,2025-02-22,41479.59,Debit,Cloud Infrastructure - Feb 2025,JE1186,
TXN0080,ACC010,DEPT06,PER006,2024-06-09,4914.91,Debit,Travel & Entertainment - Jun 2024,JE1079,
TXN0324,ACC002,DEPT06,PER024,2025-12-16,95351.18,Credit,Professional Services Revenue - Dec 2025,JE1323,
TXN0094,ACC010,DEPT06,PER007,2024-07-08,7071.57,Debit,Travel & Entertainment - Jul 2024,JE1093,
TXN0127,ACC001,DEPT02,PER010,2024-10-08,268608.34,Credit,Software Subscriptions - Oct 2024,JE1126,
TXN0010,ACC010,DEPT06,PER001,2024-01-04,3374.18,Debit,Travel & Entertainment - Jan 2024,JE1009,
TXN0200,ACC004,DEPT06,PER015,2025-03-25,23986.48,Credit,Training & Certification Revenue - Mar 2025,JE1199,
TXN0159,ACC005,DEPT01,PER012,2024-12-23,52469.33,Debit,Cloud Infrastructure - Dec 2024,JE1158,
TXN0284,ACC004,DEPT06,PER021,09/19/2025,20952.98,Credit,Training & Certification Revenue - Sep 2025,JE1283,
TXN0075,ACC005,DEPT01,PER006,06/02/2024,57730.64,Debit,Cloud Infrastructure - Jun 2024,JE1074,
TXN0283,ACC003,DEPT06,PER021,2025-09-25,24964.1,CREDIT,Support & Maintenance Revenue - Sep 2025,JE1282,
TXN0133,ACC007,DEPT06,PER010,2024-10-01,55660.93,Debit,Professional Services Delivery - Oct 2024,JE1132,legacy_flag
TXN0289,ACC009,DEPT03,PER021,2025-09-11,36141.02,Debit,Marketing & Advertising - Sep 2025,JE1288,legacy_flag
TXN0257,ACC005,DEPT01,PER019,2025-07-03,49751.66,Debit,Cloud Infrastructure - Jul 2025,JE1256,legacy_flag
TXN0182,ACC014,,PER013,2025-01-16,8800.61,Debit,Depreciation & Amortization - Jan 2025,JE1181,
TXN0025,ACC011,DEPT08,PER002,2024-02-27,16108.78,Debit,Rent & Facilities - Feb 2024,JE1024,
TXN0186,ACC004,DEPT06,PER014,2025-02-16,10600.85,Credit,Training & Certification Revenue - Feb 2025,JE1185,
TXN0215,ACC005,DEPT01,PER016,2025-04-03,60646.08,Debit,Cloud Infrastructure - Apr 2025,JE1214,
TXN0258,ACC006,DEPT01,PER019,2025-07-18,,Debit,Third-Party Software Licenses - Jul 2025,JE1257,
TXN0125,ACC013,DEPT09,PER009,09/09/2024,11656.75,Debit,Legal & Professional Fees - Sep 2024,JE1124,
TXN0092,ACC008,DEPT07,PER007,2024-07-17,140344.81,Debit,Salaries & Benefits - Jul 2024,JE1091,
TXN0068,ACC012,DEPT07,PER005,05/28/2024,8960.68,Debit,Software & SaaS Tools - May 2024,JE1067,legacy_flag
TXN0210,ACC014,DEPT08,PER015,2025-03-03,9383.57,Debit,Depreciation & Amortization - Mar 2025,JE1209,
TXN0051,ACC009,DEPT03,PER004,2024-04-27,,Debit,Marketing & Advertising - Apr 2024,JE1050,
TXN0256,ACC004,DEPT06,PER019,2025-07-05,16804.24,Credit,Training & Certification Revenue - Jul 2025,JE1255,
 TXN0220,ACC010,DEPT02,PER016,2025-04-24,4085.13,Debit,Travel & Entertainment - Apr 2025,JE1219,
TXN0078,ACC008,DEPT06,PER006,2024-06-07,120042.57,Debit,Salaries & Benefits - Jun 2024,JE1077,legacy_flag
TXN0310,ACC002,DEPT06,PER023,2025-11-08,65972.79,DEBIT,Professional Services Revenue - Nov 2025,JE1309,
 TXN0023,ACC009,DEPT03,PER002,2024-02-13,,Debit,Marketing & Advertising - Feb 2024,JE1022,legacy_flag
TXN0250,ACC012,DEPT03,PER018,2025-06-21,10215.19,Debit,Software & SaaS Tools - Jun 2025,JE1249,
TXN0278,ACC012,DEPT04,PER020,2025-08-23,8805.71,Debit,Software & SaaS Tools - Aug 2025,JE1277,
TXN0331,ACC009,DEPT03,PER024,2025-12-11,42779.62,Debit,Marketing & Advertising - Dec 2025,JE1330,legacy_flag
TXN0036,ACC008,DEPT02,PER003,03/26/2024,93072.37,Debit,Salaries & Benefits - Mar 2024,JE1035,legacy_flag
TXN0086,ACC002,DEPT06,PER007,2024-07-02,48982.93,Credit,Professional Services Revenue - Jul 2024,JE1085,
TXN0199,ACC003,DEPT06,PER015,2025-03-25,25249.58,Credit,Support & Maintenance Revenue - Mar 2025,JE1198,legacy_flag
TXN0129,ACC003,DEPT06,PER010,10/08/2024,24472.33,Credit,Support & Maintenance Revenue - Oct 2024,JE1128,
TXN0067,ACC011,DEPT08,PER005,05/12/2024,14136.7,Debit,Rent & Facilities - May 2024,JE1066,
TXN0174,ACC006,DEPT01,PER013,2025-01-09,21945.36,Debit,Third-Party Software Licenses - Jan 2025,JE1173,legacy_flag
TXN0231,ACC007,DEPT06,PER017,2025-05-03,28861.63,Debit,Professional Services Delivery - May 2025,JE1230,
TXN0203,ACC007,DEPT06,PER015,2025-03-19,31838.85,Debit,Professional Services Delivery - Mar 2025,JE1202,
TXN0042,ACC014,DEPT08,PER003,2024-03-01,5702.12,debit,Depreciation & Amortization - Mar 2024,JE1041,
TXN0110,ACC012,DEPT01,PER008,2024-08-03,10103.67,Debit,Software & SaaS Tools - Aug 2024,JE1109,
TXN0111,ACC013,DEPT09,PER008,08/02/2024,8927.99,Dr,Legal & Professional Fees - Aug 2024,JE1110,
TXN0216,ACC006,DEPT07,PER016,04/01/2025,19700.14,Debit,Third-Party Software Licenses - Apr 2025,JE1215,
 TXN0041,ACC013,DEPT09,PER003,2024-03-10,8048.24,Debit,Legal & Professional Fees - Mar 2024,JE1040,
TXN0303,ACC009,DEPT03,PER022,2025-10-23,24368.69,Debit,Marketing & Advertising - Oct 2025,JE1302,
TXN0179,ACC011,DEPT08,PER013,2025-01-07,19604.1,Debit,Rent & Facilities - Jan 2025,JE1178,
TXN0038,ACC010,DEPT06,PER003,2024-03-17,4611.44,credit,Travel & Entertainment - Mar 2024,JE1037,
TXN0065,ACC009,DEPT03,PER005,05/08/2024,37219.29,DEBIT,Marketing & Advertising - May 2024,JE1064,
 TXN0167,ACC013,DEPT09,PER012,2024-12-25,8128.25,debit,Legal & Professional Fees - Dec 2024,JE1166,
TXN0311,ACC003,DEPT06,PER023,2025-11-13,34416.58,Credit,Support & Maintenance Revenue - Nov 2025,JE1310,
TXN0267,ACC001,DEPT02,PER020,2025-08-23,,Credit,Software Subscriptions - Aug 2025,JE1266,
TXN0028,ACC014,DEPT08,PER002,2024-02-19,5043.38,Debit,Depreciation & Amortization - Feb 2024,JE1027,
TXN0070,ACC014,DEPT08,PER005,2024-05-26,5858.85,Debit,Depreciation & Amortization - May 2024,JE1069,legacy_flag
 TXN0201,ACC005,DEPT01,PER015,2025-03-07,42316.66,Debit,Cloud Infrastructure - Mar 2025,JE1200,legacy_flag
TXN0246,ACC008,DEPT03,PER018,2025-06-08,,Debit,Salaries & Benefits - Jun 2025,JE1245,
TXN0336,ACC014,DEPT08,PER024,2025-12-08,8996.88,Cr,Depreciation & Amortization - Dec 2025,JE1335,legacy_flag
TXN0142,ACC002,DEPT06,PER011,11/20/2024,51121.65,Credit,Professional Services Revenue - Nov 2024,JE1141,legacy_flag
TXN0249,ACC011,DEPT08,PER018,2025-06-18,17795.99,Debit,Rent & Facilities - Jun 2025,JE1248,
TXN0262,ACC010,DEPT02,PER019,2025-07-20,7982.37,Debit,Travel & Entertainment - Jul 2025,JE1261,legacy_flag
TXN0007,ACC007,DEPT06,PER001,2024-01-26,32010.98,Debit,Professional Services Delivery - Jan 2024,JE1006,
TXN0320,ACC012,DEPT03,PER023,2025-11-19,9954.89,credit,Software & SaaS Tools - Nov 2025,JE1319,
TXN0087,ACC003,DEPT06,PER007,2024-07-28,34558.73,Credit,Support & Maintenance Revenue - Jul 2024,JE1086,
TXN0122,ACC010,DEPT02,PER009,09/28/2024,7958.66,Debit,Travel & Entertainment - Sep 2024,JE1121,
TXN0198,ACC002,DEPT06,PER015,2025-03-12,70421.79,Credit,Professional Services Revenue - Mar 2025,JE1197,
TXN0313,ACC005,DEPT01,PER023,2025-11-11,49998.77,Debit,Cloud Infrastructure - Nov 2025,JE1312,
TXN0211,ACC001,,PER016,2025-04-04,285157.48,Credit,Software Subscriptions - Apr 2025,JE1210,legacy_flag
TXN0013,ACC013,DEPT09,PER001,2024-01-18,3386.76,Debit,Legal & Professional Fees - Jan 2024,JE1012,
TXN0275,ACC009,DEPT03,PER020,2025-08-06,27833.86,Debit,Marketing & Advertising - Aug 2025,JE1274,
TXN0098,ACC014,DEPT08,PER007,2024-07-03,6315.46,Debit,Depreciation & Amortization - Jul 2024,JE1097,
TXN0272,ACC006,DEPT01,PER020,2025-08-14,26242.46,credit,Third-Party Software Licenses - Aug 2025,JE1271,legacy_flag
TXN0189,ACC007,DEPT06,PER014,02/05/2025,32570.26,Debit,Professional Services Delivery - Feb 2025,JE1188,
TXN0276,ACC010,DEPT10,PER020,2025-08-24,10133.66,Debit,Travel & Entertainment - Aug 2025,JE1275,
TXN0222,ACC012,DEPT07,PER016,2025-04-15,14920.35,Debit,Software & SaaS Tools - Apr 2025,JE1221,
TXN0063,ACC007,DEPT06,PER005,2024-05-22,36960.64,Debit,Professional Services Delivery - May 2024,JE1062,legacy_flag
TXN0288,ACC008,,PER021,2025-09-16,196503.41,Debit,Salaries & Benefits - Sep 2025,JE1287,
TXN0217,ACC007,,PER016,2025-04-04,57735.15,Debit,Professional Services Delivery - Apr 2025,JE1216,legacy_flag
TXN0054,ACC012,DEPT07,PER004,2024-04-07,6771.48,Debit,Software & SaaS Tools - Apr 2024,JE1053,
TXN0085,ACC001,DEPT02,PER007,2024-07-19,226239.43,Credit,Software Subscriptions - Jul 2024,JE1084,legacy_flag
TXN0104,ACC006,DEPT07,PER008,2024-08-22,21366.3,Debit,Third-Party Software Licenses - Aug 2024,JE1103,
TXN0330,ACC008,DEPT02,PER024,2025-12-03,,Debit,Salaries & Benefits - Dec 2025,JE1329,legacy_flag
TXN0213,ACC003,DEPT06,PER016,2025-04-26,35369.44,Credit,Support & Maintenance Revenue - Apr 2025,JE1212,legacy_flag
 TXN0280,ACC014,DEPT08,PER020,2025-08-03,8429.92,Debit,Depreciation & Amortization - Aug 2025,JE1279,
TXN0279,ACC999,DEPT09,PER020,2025-08-17,8726.34,Debit,Legal & Professional Fees - Aug 2025,JE1278,legacy_flag
TXN0243,ACC005,DEPT01,PER018,2025-06-07,62925.07,Debit,Cloud Infrastructure - Jun 2025,JE1242,
TXN0230,ACC006,DEPT07,PER017,2025-05-18,,Debit,Third-Party Software Licenses - May 2025,JE1229,
TXN0118,ACC006,DEPT07,PER009,2024-09-12,11673.45,Debit,Third-Party Software Licenses - Sep 2024,JE1117,
TXN0226,ACC002,DEPT06,PER017,2025-05-11,58802.33,Credit,Professional Services Revenue - May 2025,JE1225,legacy_flag
TXN0059,ACC003,DEPT06,PER005,05/19/2024,17229.95,Cr,Support & Maintenance Revenue - May 2024,JE1058,
TXN0248,ACC010,DEPT02,PER018,2025-06-09,9059.76,Debit,Travel & Entertainment - Jun 2025,JE1247,
TXN0304,ACC010,DEPT10,PER022,2025-10-01,,Debit,Travel & Entertainment - Oct 2025,JE1303,legacy_flag
TXN0308,ACC014,DEPT08,PER022,2025-10-17,10536.84,Debit,Depreciation & Amortization - Oct 2025,JE1307,
TXN0183,ACC001,DEPT02,PER014,2025-02-10,243318.39,Credit,Software Subscriptions - Feb 2025,JE1182,
TXN0077,ACC007,DEPT06,PER006,2024-06-06,49633.05,Debit,Professional Services Delivery - Jun 2024,JE1076,
TXN0237,ACC013,DEPT09,PER017,2025-05-16,6701.97,Debit,Legal & Professional Fees - May 2025,JE1236,legacy_flag
TXN0255,ACC003,DEPT06,PER019,2025-07-13,32694.76,Credit,Support & Maintenance Revenue - Jul 2025,JE1254,
TXN0297,ACC003,DEPT06,PER022,2025-10-14,43462.79,Credit,Support & Maintenance Revenue - Oct 2025,JE1296,
TXN0033,ACC005,DEPT01,PER003,03/12/2024,47960.75,Debit,Cloud Infrastructure - Mar 2024,JE1032,legacy_flag
TXN0218,ACC008,DEPT03,PER016,2025-04-21,148415.97,Debit,Salaries & Benefits - Apr 2025,JE1217,
TXN0101,ACC003,DEPT06,PER008,2024-08-15,24651.49,Credit,Support & Maintenance Revenue - Aug 2024,JE1100,
TXN0207,ACC011,DEPT08,PER015,2025-03-10,17444.9,Debit,Rent & Facilities - Mar 2025,JE1206,
TXN0233,ACC009,DEPT03,PER017,2025-05-23,41153.15,Debit,Marketing & Advertising - May 2025,JE1232,
TXN0317,ACC009,DEPT03,PER023,2025-11-12,29475.94,Debit,Marketing & Advertising - Nov 2025,JE1316,legacy_flag
TXN0287,ACC007,DEPT06,PER021,2025-09-21,37419.27,Debit,Professional Services Delivery - Sep 2025,JE1286,
TXN0161,ACC007,DEPT06,PER012,2024-12-25,33929.49,Debit,Professional Services Delivery - Dec 2024,JE1160,
TXN0268,ACC002,DEPT06,PER020,2025-08-02,68675.09,Credit,Professional Services Revenue - Aug 2025,JE1267,legacy_flag
TXN0221,ACC011,DEPT08,PER016,2025-04-20,21182.67,credit,Rent & Facilities - Apr 2025,JE1220,
TXN0300,ACC006,DEPT07,PER022,2025-10-18,13359.98,Cr,Third-Party Software Licenses - Oct 2025,JE1299,legacy_flag
TXN0097,ACC013,DEPT09,PER007,2024-07-01,11166.18,Debit,Legal & Professional Fees - Jul 2024,JE1096,
 TXN0193,ACC011,DEPT08,PER014,2025-02-09,19939.76,Debit,Rent & Facilities - Feb 2025,JE1192,
TXN0098,ACC014,DEPT08,PER007,2024-07-03,6315.46,Debit,Depreciation & Amortization - Jul 2024,JE1097,
TXN0260,ACC008,DEPT06,PER019,2025-07-15,164247.67,Debit,Salaries & Benefits - Jul 2025,JE1259,legacy_flag
TXN0108,ACC010,DEPT10,PER008,2024-08-11,6754.77,Debit,Travel & Entertainment - Aug 2024,JE1107,
 TXN0277,ACC011,DEPT08,PER020,08/15/2025,25418.16,Debit,Rent & Facilities - Aug 2025,JE1276,
TXN0047,ACC999,DEPT01,PER004,2024-04-20,59221.24,Debit,Cloud Infrastructure - Apr 2024,JE1046,
TXN0105,ACC007,DEPT06,PER008,2024-08-09,27107.6,Debit,Professional Services Delivery - Aug 2024,JE1104,legacy_flag
TXN0074,ACC004,DEPT06,PER006,2024-06-15,9484.61,Credit,Training & Certification Revenue - Jun 2024,JE1073,
TXN0009,ACC009,DEPT03,PER001,01/05/2024,26204.49,Debit,Marketing & Advertising - Jan 2024,JE1008,
TXN0252,ACC014,DEPT08,PER018,2025-06-16,9596.33,credit,Depreciation & Amortization - Jun 2025,JE1251,legacy_flag
 TXN0018,ACC004,DEPT06,PER002,2024-02-13,16925.09,Credit,Training & Certification Revenue - Feb 2024,JE1017,
TXN0270,ACC004,DEPT06,PER020,08/22/2025,24262.33,Credit,Training & Certification Revenue - Aug 2025,JE1269,
TXN0139,ACC013,DEPT09,PER010,2024-10-09,11620.67,Debit,Legal & Professional Fees - Oct 2024,JE1138,
TXN0017,ACC003,DEPT06,PER002,2024-02-03,26164.9,Credit,Support & Maintenance Revenue - Feb 2024,JE1016,
TXN0089,ACC005,DEPT01,PER007,2024-07-04,60565.94,Debit,Cloud Infrastructure - Jul 2024,JE1088,
TXN0109,ACC999,DEPT08,PER008,2024-08-17,15865.9,Debit,Rent & Facilities - Aug 2024,JE1108,legacy_flag
TXN0012,ACC012,DEPT04,PER001,2024-01-26,11205.77,Debit,Software & SaaS Tools - Jan 2024,JE1011,legacy_flag
TXN0319,ACC011,DEPT08,PER023,2025-11-28,23203.01,Debit,Rent & Facilities - Nov 2025,JE1318,
TXN0315,ACC007,DEPT06,PER023,2025-11-27,,Debit,Professional Services Delivery - Nov 2025,JE1314,
TXN0228,ACC004,DEPT06,PER017,2025-05-26,16156.86,CREDIT,Training & Certification Revenue - May 2025,JE1227,
TXN0001,ACC001,DEPT02,PER001,2024-01-24,210716.5,Credit,Software Subscriptions - Jan 2024,JE1000,
TXN0066,ACC010,DEPT06,PER005,2024-05-07,7546.18,Debit,Travel & Entertainment - May 2024,JE1065,legacy_flag
TXN0102,ACC004,DEPT06,PER008,2024-08-20,19006.42,Credit,Training & Certification Revenue - Aug 2024,JE1101,
TXN0266,ACC014,DEPT08,PER019,2025-07-06,6669.12,Debit,Depreciation & Amortization - Jul 2025,JE1265,
 TXN0079,ACC009,DEPT03,PER006,2024-06-06,42108.7,Debit,Marketing & Advertising - Jun 2024,JE1078,legacy_flag
TXN0290,ACC010,DEPT02,PER021,09/11/2025,9181.72,Debit,Travel & Entertainment - Sep 2025,JE1289,
TXN0325,ACC003,DEPT06,PER024,2025-12-17,47155.79,debit,Support & Maintenance Revenue - Dec 2025,JE1324,legacy_flag
 TXN0144,ACC004,DEPT06,PER011,2024-11-22,21293.28,Credit,Training & Certification Revenue - Nov 2024,JE1143,legacy_flag
TXN0251,ACC013,DEPT09,PER018,2025-06-04,13164.88,Debit,Legal & Professional Fees - Jun 2025,JE1250,
TXN0321,ACC013,DEPT09,PER023,2025-11-02,8947.25,Debit,Legal & Professional Fees - Nov 2025,JE1320,
TXN0191,ACC009,DEPT03,PER014,2025-02-03,50858.85,Debit,Marketing & Advertising - Feb 2025,JE1190,
TXN0238,ACC014,DEPT08,PER017,2025-05-14,8066.1,Debit,Depreciation & Amortization - May 2025,JE1237,
TXN0293,ACC013,DEPT09,PER021,2025-09-15,12693.34,Debit,Legal & Professional Fees - Sep 2025,JE1292,
TXN0034,ACC006,DEPT01,PER003,2024-03-17,11429.24,Cr,Third-Party Software Licenses - Mar 2024,JE1033,legacy_flag
TXN0184,ACC002,DEPT06,PER014,2025-02-18,69351.7,Credit,Professional Services Revenue - Feb 2025,JE1183,
 TXN0015,ACC001,DEPT02,PER002,2024-02-19,212185.71,Credit,Software Subscriptions - Feb 2024,JE1014,
TXN0285,ACC005,DEPT01,PER021,2025-09-16,47283.83,Debit,Cloud Infrastructure - Sep 2025,JE1284,
TXN0131,ACC005,DEPT01,PER010,2024-10-25,47758.19,Debit,Cloud Infrastructure - Oct 2024,JE1130,
TXN0024,ACC010,DEPT10,PER002,2024-02-23,3800.67,Debit,Travel & Entertainment - Feb 2024,JE1023,
TXN0126,ACC014,DEPT08,PER009,2024-09-13,5485.05,Debit,Depreciation & Amortization - Sep 2024,JE1125,legacy_flag
TXN0150,ACC010,DEPT06,PER011,2024-11-10,8928.0,Debit,Travel & Entertainment - Nov 2024,JE1149,
TXN0184,ACC002,DEPT06,PER014,02/18/2025,69351.7,Credit,Professional Services Revenue - Feb 2025,JE1183,
TXN0053,ACC011,DEPT08,PER004,2024-04-18,14030.02,Debit,Rent & Facilities - Apr 2024,JE1052,legacy_flag
TXN0225,ACC001,DEPT02,PER017,2025-05-25,306752.98,Credit,Software Subscriptions - May 2025,JE1224,legacy_flag
TXN0030,ACC002,DEPT06,PER003,2024-03-21,51535.88,Credit,Professional Services Revenue - Mar 2024,JE1029,
TXN0114,ACC002,DEPT06,PER009,2024-09-18,,Credit,Professional Services Revenue - Sep 2024,JE1113,
TXN0265,ACC013,DEPT09,PER019,2025-07-08,11243.92,Debit,Legal & Professional Fees - Jul 2025,JE1264,
TXN0295,ACC001,DEPT02,PER022,2025-10-28,286187.14,Credit,Software Subscriptions - Oct 2025,JE1294,
TXN0043,ACC001,DEPT02,PER004,2024-04-17,239967.9,Credit,Software Subscriptions - Apr 2024,JE1042,
TXN0039,ACC011,DEPT08,PER003,2024-03-22,14521.62,Debit,Rent & Facilities - Mar 2024,JE1038,legacy_flag
TXN0232,ACC008,DEPT06,PER017,2025-05-16,,Debit,Salaries & Benefits - May 2025,JE1231,
TXN0329,ACC999,DEPT06,PER024,2025-12-28,60897.75,Debit,Professional Services Delivery - Dec 2025,JE1328,
TXN0331,ACC009,,PER024,2025-12-11,42779.62,Debit,Marketing & Advertising - Dec 2025,JE1330,
TXN0130,ACC004,DEPT06,PER010,2024-10-13,6634.55,Credit,Training & Certification Revenue - Oct 2024,JE1129,
TXN0236,ACC012,DEPT07,PER017,2025-05-23,10060.0,Debit,Software & SaaS Tools - May 2025,JE1235,
TXN0016,ACC002,DEPT06,PER002,2024-02-02,,Credit,Professional Services Revenue - Feb 2024,JE1015,
TXN0029,ACC001,DEPT02,PER003,2024-03-07,231183.81,Credit,Software Subscriptions - Mar 2024,JE1028,
TXN0145,ACC005,DEPT01,PER011,2024-11-23,51267.52,Debit,Cloud Infrastructure - Nov 2024,JE1144,
TXN0314,ACC006,DEPT07,PER023,2025-11-27,30257.29,Debit,Third-Party Software Licenses - Nov 2025,JE1313,
TXN0093,ACC009,DEPT03,PER007,2024-07-07,26918.36,Debit,Marketing & Advertising - Jul 2024,JE1092,legacy_flag
TXN0181,ACC013,DEPT09,PER013,2025-01-28,9392.34,Debit,Legal & Professional Fees - Jan 2025,JE1180,
TXN0136,ACC010,DEPT06,PER010,10/12/2024,3313.02,Debit,Travel & Entertainment - Oct 2024,JE1135,legacy_flag
TXN0115,ACC003,DEPT06,PER009,2024-09-23,18552.68,Credit,Support & Maintenance Revenue - Sep 2024,JE1114,
 TXN0135,ACC009,DEPT03,PER010,2024-10-02,36893.43,Debit,Marketing & Advertising - Oct 2024,JE1134,legacy_flag
TXN0021,ACC007,DEPT06,PER002,2024-02-20,28008.17,Debit,Professional Services Delivery - Feb 2024,JE1020,
TXN0202,ACC006,DEPT01,PER015,2025-03-08,24847.28,Debit,Third-Party Software Licenses - Mar 2025,JE1201,
TXN0312,ACC004,DEPT06,PER023,2025-11-28,11777.75,credit,Training & Certification Revenue - Nov 2025,JE1311,
TXN0306,ACC012,DEPT01,PER022,10/15/2025,18515.99,Cr,Software & SaaS Tools - Oct 2025,JE1305,
TXN0175,ACC007,DEPT06,PER013,2025-01-05,37624.95,Debit,Professional Services Delivery - Jan 2025,JE1174,
TXN0064,ACC008,DEPT07,PER005,2024-05-05,122765.48,Debit,Salaries & Benefits - May 2024,JE1063,
TXN0196,ACC014,DEPT08,PER014,2025-02-09,8445.64,CREDIT,Depreciation & Amortization - Feb 2025,JE1195,legacy_flag
TXN0056,ACC014,DEPT08,PER004,2024-04-15,,credit,Depreciation & Amortization - Apr 2024,JE1055,
TXN0204,ACC008,,PER015,2025-03-23,188189.95,Debit,Salaries & Benefits - Mar 2025,JE1203,
TXN0171,ACC003,DEPT06,PER013,01/27/2025,25026.43,Credit,Support & Maintenance Revenue - Jan 2025,JE1170,legacy_flag
TXN0281,ACC001,DEPT02,PER021,2025-09-24,310980.24,debit,Software Subscriptions - Sep 2025,JE1280,
 TXN0138,ACC012,DEPT01,PER010,2024-10-13,11554.33,Debit,Software & SaaS Tools - Oct 2024,JE1137,
TXN0194,ACC012,DEPT03,PER014,2025-02-15,10332.53,Debit,Software & SaaS Tools - Feb 2025,JE1193,
TXN0263,ACC011,DEPT08,PER019,2025-07-25,,Debit,Rent & Facilities - Jul 2025,JE1262,
TXN0234,ACC010,DEPT10,PER017,2025-05-16,6920.6,Debit,Travel & Entertainment - May 2025,JE1233,
TXN0141,ACC001,DEPT02,PER011,2024-11-12,256015.94,debit,Software Subscriptions - Nov 2024,JE1140,
TXN0180,ACC012,DEPT07,PER013,2025-01-25,14350.07,Debit,Software & SaaS Tools - Jan 2025,JE1179,legacy_flag
TXN0107,ACC009,DEPT03,PER008,08/10/2024,34596.71,Debit,Marketing & Advertising - Aug 2024,JE1106,legacy_flag
TXN0292,ACC012,DEPT07,PER021,2025-09-27,14698.08,Debit,Software & SaaS Tools - Sep 2025,JE1291,
TXN0156,ACC002,DEPT06,PER012,2024-12-05,46624.09,Credit,Professional Services Revenue - Dec 2024,JE1155,
TXN0192,ACC010,DEPT02,PER014,2025-02-28,7906.27,Debit,Travel & Entertainment - Feb 2025,JE1191,
TXN0117,ACC005,DEPT01,PER009,2024-09-14,48057.24,Debit,Cloud Infrastructure - Sep 2024,JE1116,
TXN0040,ACC012,DEPT04,PER003,2024-03-25,10798.43,Debit,Software & SaaS Tools - Mar 2024,JE1039,legacy_flag
TXN0123,ACC011,DEPT08,PER009,2024-09-14,15894.39,Debit,Rent & Facilities - Sep 2024,JE1122,
TXN0035,ACC007,DEPT06,PER003,2024-03-28,34763.24,Debit,Professional Services Delivery - Mar 2024,JE1034,legacy_flag
TXN0247,ACC009,DEPT03,PER018,2025-06-01,34831.94,Debit,Marketing & Advertising - Jun 2025,JE1246,
TXN0057,ACC001,DEPT02,PER005,05/04/2024,242982.63,Credit,Software Subscriptions - May 2024,JE1056,legacy_flag
TXN0301,ACC007,,PER022,10/15/2025,36076.76,Debit,Professional Services Delivery - Oct 2025,JE1300,
TXN0305,ACC011,DEPT08,PER022,2025-10-08,23735.94,Debit,Rent & Facilities - Oct 2025,JE1304,
TXN0076,ACC006,DEPT01,PER006,06/03/2024,18199.6,credit,Third-Party Software Licenses - Jun 2024,JE1075,
TXN0241,ACC003,DEPT06,PER018,2025-06-24,27218.03,Credit,Support & Maintenance Revenue - Jun 2025,JE1240,
TXN0326,ACC004,DEPT06,PER024,2025-12-28,28079.35,Credit,Training & Certification Revenue - Dec 2025,JE1325,
TXN0164,ACC010,DEPT10,PER012,2024-12-15,10072.14,Debit,Travel & Entertainment - Dec 2024,JE1163,
TXN0328,ACC999,DEPT07,PER024,2025-12-01,22898.26,Debit,Third-Party Software Licenses - Dec 2025,JE1327,
TXN0177,ACC009,DEPT03,PER013,2025-01-03,24936.67,Debit,Marketing & Advertising - Jan 2025,JE1176,
TXN0160,ACC006,DEPT07,PER012,2024-12-13,21263.13,Debit,Third-Party Software Licenses - Dec 2024,JE1159,
TXN0286,ACC006,DEPT07,PER021,2025-09-09,21697.04,Debit,Third-Party Software Licenses - Sep 2025,JE1285,
TXN0082,ACC012,DEPT07,PER006,2024-06-05,9155.21,Debit,Software & SaaS Tools - Jun 2024,JE1081,legacy_flag
 TXN0158,ACC004,DEPT06,PER012,2024-12-15,16830.53,Credit,Training & Certification Revenue - Dec 2024,JE1157,
TXN0239,ACC001,DEPT02,PER018,2025-06-12,318804.62,Credit,Software Subscriptions - Jun 2025,JE1238,legacy_flag
TXN0061,ACC005,DEPT01,PER005,2024-05-03,51499.77,Debit,Cloud Infrastructure - May 2024,JE1060,
TXN0032,ACC004,DEPT06,PER003,2024-03-24,,Credit,Training & Certification Revenue - Mar 2024,JE1031,legacy_flag
TXN0271,ACC005,DEPT01,PER020,2025-08-26,53753.39,Debit,Cloud Infrastructure - Aug 2025,JE1270,legacy_flag
TXN0185,ACC003,DEPT06,PER014,2025-02-16,35387.19,Credit,Support & Maintenance Revenue - Feb 2025,JE1184,
TXN0273,ACC007,DEPT06,PER020,2025-08-21,34304.11,Debit,Professional Services Delivery - Aug 2025,JE1272,
TXN0006,ACC006,DEPT07,PER001,2024-01-08,10645.7,Debit,Third-Party Software Licenses - Jan 2024,JE1005,
TXN0155,ACC001,DEPT02,PER012,2024-12-22,,Credit,Software Subscriptions - Dec 2024,JE1154,legacy_flag
TXN0169,ACC001,,PER013,01/06/2025,286563.3,Credit,Software Subscriptions - Jan 2025,JE1168,
TXN0137,ACC011,DEPT08,PER010,2024-10-14,20464.09,Debit,Rent & Facilities - Oct 2024,JE1136,
TXN0229,ACC005,DEPT01,PER017,2025-05-20,51953.8,Debit,Cloud Infrastructure - May 2025,JE1228,legacy_flag
TXN0121,ACC009,DEPT03,PER009,2024-09-20,21523.05,Debit,Marketing & Advertising - Sep 2024,JE1120,
TXN0197,ACC001,DEPT02,PER015,2025-03-01,293420.1,Credit,Software Subscriptions - Mar 2025,JE1196,
TXN0134,ACC008,DEPT03,PER010,2024-10-06,108650.63,Debit,Salaries & Benefits - Oct 2024,JE1133,
TXN0004,ACC004,DEPT06,PER001,2024-01-03,10747.11,Credit,Training & Certification Revenue - Jan 2024,JE1003,
TXN0128,ACC002,DEPT06,PER010,2024-10-12,39981.31,Credit,Professional Services Revenue - Oct 2024,JE1127,legacy_flag
TXN0166,ACC012,DEPT03,PER012,12/26/2024,7604.36,Debit,Software & SaaS Tools - Dec 2024,JE1165,
TXN0333,ACC011,DEPT08,PER024,2025-12-28,19971.03,Debit,Rent & Facilities - Dec 2025,JE1332,legacy_flag
TXN0072,ACC002,DEPT06,PER006,2024-06-05,36405.91,Credit,Professional Services Revenue - Jun 2024,JE1071,
TXN0095,ACC011,DEPT08,PER007,2024-07-22,15972.58,Debit,Rent & Facilities - Jul 2024,JE1094,
TXN0049,ACC007,DEPT06,PER004,2024-04-08,47550.21,Debit,Professional Services Delivery - Apr 2024,JE1048,
TXN0206,ACC010,DEPT10,PER015,2025-03-23,,Debit,Travel & Entertainment - Mar 2025,JE1205,
 TXN0045,ACC003,DEPT06,PER004,2024-04-05,26817.45,Credit,Support & Maintenance Revenue - Apr 2024,JE1044,
TXN0168,ACC014,DEPT08,PER012,2024-12-27,8676.56,Debit,Depreciation & Amortization - Dec 2024,JE1167,legacy_flag
TXN0264,ACC012,DEPT03,PER019,2025-07-09,9520.41,Debit,Software & SaaS Tools - Jul 2025,JE1263,
TXN0219,ACC009,DEPT03,PER016,2025-04-23,,Debit,Marketing & Advertising - Apr 2025,JE1218,
TXN0208,ACC012,DEPT01,PER015,2025-03-10,7915.45,Debit,Software & SaaS Tools - Mar 2025,JE1207,legacy_flag
 TXN0322,ACC014,DEPT08,PER023,2025-11-23,7803.38,Debit,Depreciation & Amortization - Nov 2025,JE1321,legacy_flag
TXN0298,ACC004,DEPT06,PER022,2025-10-20,8842.21,Credit,Training & Certification Revenue - Oct 2025,JE1297,
TXN0152,ACC012,DEPT03,PER011,2024-11-17,10317.94,Debit,Software & SaaS Tools - Nov 2024,JE1151,legacy_flag
TXN0173,ACC005,DEPT01,PER013,2025-01-03,47675.02,Debit,Cloud Infrastructure - Jan 2025,JE1172,legacy_flag
TXN0008,ACC008,DEPT02,PER001,01/23/2024,135461.97,Debit,Salaries & Benefits - Jan 2024,JE1007,
 TXN0316,ACC008,DEPT06,PER023,2025-11-28,181465.61,Debit,Salaries & Benefits - Nov 2025,JE1315,
TXN0132,ACC006,DEPT07,PER010,2024-10-22,14186.87,Debit,Third-Party Software Licenses - Oct 2024,JE1131,
TXN0235,ACC011,DEPT08,PER017,2025-05-03,,Debit,Rent & Facilities - May 2025,JE1234,
TXN0084,ACC014,DEPT08,PER006,2024-06-24,6598.17,Debit,Depreciation & Amortization - Jun 2024,JE1083,legacy_flag
TXN0032,ACC004,DEPT06,PER003,2024-03-24,8821.62,Credit,Training & Certification Revenue - Mar 2024,JE1031,
TXN0058,ACC002,DEPT06,PER005,2024-05-11,37886.28,Credit,Professional Services Revenue - May 2024,JE1057,
TXN0099,ACC001,DEPT02,PER008,2024-08-05,241806.45,Credit,Software Subscriptions - Aug 2024,JE1098,
TXN0140,ACC014,DEPT08,PER010,2024-10-01,5166.45,Debit,Depreciation & Amortization - Oct 2024,JE1139,legacy_flag
TXN0240,ACC002,DEPT06,PER018,2025-06-10,71919.89,Credit,Professional Services Revenue - Jun 2025,JE1239,legacy_flag
TXN0259,ACC007,DEPT06,PER019,2025-07-25,57688.85,DEBIT,Professional Services Delivery - Jul 2025,JE1258,
TXN0069,ACC013,DEPT09,PER005,2024-05-02,9116.47,Debit,Legal & Professional Fees - May 2024,JE1068,
 TXN0253,ACC001,DEPT02,PER019,2025-07-06,293744.14,Credit,Software Subscriptions - Jul 2025,JE1252,
TXN0269,ACC003,DEPT06,PER020,2025-08-23,27708.22,Credit,Support & Maintenance Revenue - Aug 2025,JE1268,legacy_flag
TXN0279,ACC013,DEPT09,PER020,2025-08-17,8726.34,Debit,Legal & Professional Fees - Aug 2025,JE1278,
TXN0233,ACC009,DEPT03,PER017,2025-05-23,41153.15,DEBIT,Marketing & Advertising - May 2025,JE1232,
TXN0146,ACC006,DEPT01,PER011,2024-11-07,14723.52,Debit,Third-Party Software Licenses - Nov 2024,JE1145,
TXN0172,ACC004,DEPT06,PER013,2025-01-21,17608.72,Credit,Training & Certification Revenue - Jan 2025,JE1171,
TXN0055,ACC013,DEPT09,PER004,2024-04-23,10452.63,Debit,Legal & Professional Fees - Apr 2024,JE1054,
 TXN0309,ACC001,DEPT02,PER023,2025-11-27,327940.93,Credit,Software Subscriptions - Nov 2025,JE1308,
TXN0291,ACC011,DEPT08,PER021,2025-09-10,22066.55,Debit,Rent & Facilities - Sep 2025,JE1290,
TXN0153,ACC013,DEPT09,PER011,2024-11-22,8048.19,Debit,Legal & Professional Fees - Nov 2024,JE1152,legacy_flag
TXN0005,ACC005,DEPT01,PER001,2024-01-18,36352.6,Debit,Cloud Infrastructure - Jan 2024,JE1004,legacy_flag
TXN0323,ACC001,DEPT02,PER024,2025-12-13,346459.53,Credit,Software Subscriptions - Dec 2025,JE1322,
 TXN0149,ACC009,DEPT03,PER011,2024-11-18,37265.23,Debit,Marketing & Advertising - Nov 2024,JE1148,
TXN0096,ACC012,DEPT07,PER007,2024-07-11,11184.24,Debit,Software & SaaS Tools - Jul 2024,JE1095,
TXN0254,ACC002,DEPT06,PER019,2025-07-28,86718.82,Credit,Professional Services Revenue - Jul 2025,JE1253,
TXN0204,ACC008,DEPT06,PER015,2025-03-23,188189.95,Debit,Salaries & Benefits - Mar 2025,JE1203,
TXN0019,ACC005,DEPT01,PER002,2024-02-06,38796.81,Debit,Cloud Infrastructure - Feb 2024,JE1018,
TXN0091,ACC007,DEPT06,PER007,2024-07-14,40964.0,Debit,Professional Services Delivery - Jul 2024,JE1090,
TXN0214,ACC004,DEPT06,PER016,2025-04-12,24905.97,Credit,Training & Certification Revenue - Apr 2025,JE1213,
TXN0090,ACC006,DEPT01,PER007,07/19/2024,22676.51,Debit,Third-Party Software Licenses - Jul 2024,JE1089,
TXN0020,ACC006,DEPT01,PER002,2024-02-22,13064.28,Debit,Third-Party Software Licenses - Feb 2024,JE1019,
TXN0274,ACC008,DEPT03,PER020,2025-08-27,133409.05,Debit,Salaries & Benefits - Aug 2025,JE1273,
TXN0119,ACC007,DEPT06,PER009,2024-09-12,52031.31,Debit,Professional Services Delivery - Sep 2024,JE1118,
TXN0294,ACC014,DEPT08,PER021,2025-09-11,6502.87,Debit,Depreciation & Amortization - Sep 2025,JE1293,legacy_flag
TXN0046,ACC004,DEPT06,PER004,2024-04-18,10846.97,Credit,Training & Certification Revenue - Apr 2024,JE1045,
 TXN0031,ACC003,,PER003,2024-03-05,23523.99,Credit,Support & Maintenance Revenue - Mar 2024,JE1030,
TXN0147,ACC007,DEPT06,PER011,2024-11-22,38901.73,Debit,Professional Services Delivery - Nov 2024,JE1146,legacy_flag
TXN0165,ACC011,DEPT08,PER012,2024-12-28,15991.7,credit,Rent & Facilities - Dec 2024,JE1164,
TXN0148,ACC008,DEPT02,PER011,2024-11-20,159232.29,Debit,Salaries & Benefits - Nov 2024,JE1147,
TXN0103,ACC005,DEPT01,PER008,2024-08-22,65515.6,Debit,Cloud Infrastructure - Aug 2024,JE1102,legacy_flag
TXN0245,ACC007,DEPT06,PER018,2025-06-04,55266.21,Debit,Professional Services Delivery - Jun 2025,JE1244,
TXN0244,ACC006,DEPT07,PER018,06/09/2025,15365.09,Debit,Third-Party Software Licenses - Jun 2025,JE1243,legacy_flag
TXN0335,ACC013,DEPT09,PER024,2025-12-28,11820.15,Debit,Legal & Professional Fees - Dec 2025,JE1334,
TXN0209,ACC013,DEPT09,PER015,2025-03-13,9667.04,Debit,Legal & Professional Fees - Mar 2025,JE1208,
TXN0081,ACC011,DEPT08,PER006,2024-06-10,20192.97,Debit,Rent & Facilities - Jun 2024,JE1080,
TXN0282,ACC002,DEPT06,PER021,2025-09-01,55328.91,Credit,Professional Services Revenue - Sep 2025,JE1281,
TXN0003,ACC003,DEPT06,PER001,2024-01-19,26698.24,Credit,Support & Maintenance Revenue - Jan 2024,JE1002,
TXN0071,ACC001,DEPT02,PER006,2024-06-07,246636.94,Credit,Software Subscriptions - Jun 2024,JE1070,legacy_flag
TXN0142,ACC002,DEPT06,PER011,2024-11-20,51121.65,Credit,Professional Services Revenue - Nov 2024,JE1141,
TXN0242,ACC004,DEPT06,PER018,2025-06-24,10880.21,Credit,Training & Certification Revenue - Jun 2025,JE1241,
TXN0170,ACC002,DEPT06,PER013,2025-01-15,67612.02,Credit,Professional Services Revenue - Jan 2025,JE1169,
TXN0212,ACC002,DEPT06,PER016,2025-04-28,69162.46,Credit,Professional Services Revenue - Apr 2025,JE1211,
TXN0052,ACC010,DEPT10,PER004,2024-04-25,2656.8,Debit,Travel & Entertainment - Apr 2024,JE1051,legacy_flag
TXN0027,ACC013,DEPT09,PER002,02/13/2024,9190.25,Debit,Legal & Professional Fees - Feb 2024,JE1026,
TXN0120,ACC008,DEPT02,PER009,09/22/2024,113440.63,Debit,Salaries & Benefits - Sep 2024,JE1119,
TXN0327,ACC005,DEPT01,PER024,2025-12-04,52014.58,Debit,Cloud Infrastructure - Dec 2025,JE1326,
