lead_id,campaign_id,channel_id,persona_id,lead_stage_id,created_date,mql_date,sql_date,opportunity_date,close_date,is_won,lead_score,content_asset,utm_source,notes
LED-0001,CAM013,CH03,PER04,Sales Qualified,10/26/2024,10/29/2024,11/01/2024,,,Yes,86,Webinar Recording,facebook,
LED-0002,CAM024,CH01,PER04,mql,12/07/2025,12/19/2025,,,,0,97,Data Dictionary Template,facebook,
 LED-0003,CAM016,CH03,PER02,SQL,02/28/2025,03/10/2025,03/16/2025,,,0,88,None,,
LED-0004,CAM022,CH09,PER02,Opp,07/20/2025,07/31/2025,08/10/2025,08/16/2025,,0,69,None,email,
LED-0005,CAM003,CH02,PER04,opportunity,03/16/2024,03/17/2024,03/18/2024,03/21/2024,,TRUE,61,Product Demo Request,email,
LED-0006,CAM003,CH02,PER04,lead,04/11/2024,,,,,0,35,ROI Calculator,,
LED-0006,CAM003,CH02,PER04,lead,04/11/2024,,,,,0,35,ROI Calculator,,
LED-0007,CAM012,CH01,PER02,LEAD,10/28/2024,,,,,0,30,Case Study: Finance,direct,
LED-0008,CAM020,CH04,PER02,Opportunity,09/03/2025,09/06/2025,09/07/2025,09/13/2025,,0,,State of BI Report 2024,organic,
LED-0009,CAM014,CH08,PER06,LEAD,11/09/2024,,,,,1,28,ROI Calculator,organic,
LED-0010,CAM013,CH03,PER03,sql,10/18/2024,10/25/2024,10/26/2024,,,0,76,Case Study: Finance,organic,
LED-0011,CAM009,CH09,PER05,Lead,08/21/2024,,,,,1,26,Pricing Page,organic,
LED-0012,CAM016,CH03,PER01,mql,01/22/2025,02/04/2025,,,,0,86,Data Dictionary Template,facebook,
LED-0013,CAM014,CH08,PER01,disqualified,11/10/2024,,,,,1,25,Data Modeling Guide,linkedin,
LED-0014,CAM006,CH04,PER04,Lead,04/19/2024,,,,,0,36,Free Trial Signup,,
LED-0015,CAM016,CH03,PER07,Not Qualified,02/04/2025,,,,,0,42,None,linkedin,
LED-0016,CAM012,CH01,PER02,Not Qualified,10/10/2024,10/15/2024,10/16/2024,10/20/2024,12/14/2024,No,,Case Study: Retail,email,
LED-0016,CAM012,CH01,PER02,Not Qualified,10/10/2024,10/15/2024,10/16/2024,10/20/2024,12/14/2024,No,,Case Study: Retail,email,
LED-0017,CAM014,CH08,PER07,sql,11/27/2024,11/29/2024,11/30/2024,,,Yes,78,Pricing Page,direct,
LED-0018,CAM013,CH03,PER07,lead,11/26/2024,,,,,1,39,Star Schema Cheatsheet,organic,
LED-0019,CAM008,CH01,PER06,LEAD,08/09/2024,,,,,0,23,Pricing Page,google,
LED-0020,CAM011,CH07,PER02,opportunity,09/22/2024,10/04/2024,10/09/2024,10/10/2024,,0,96,Case Study: Retail,direct,
LED-0021,CAM009,CH09,PER01,Marketing Qualified,09/03/2024,09/14/2024,,,,0,47,None,facebook,
LED-0022,CAM016,CH03,PER05,lead,01/22/2025,,,,,0,42,Webinar Recording,email,
LED-0023,CAM014,CH08,PER06,New Lead,12/13/2024,,,,,0,,Star Schema Cheatsheet,linkedin,
LED-0024,CAM022,CH09,PER05,DQ,09/18/2025,09/30/2025,10/07/2025,10/09/2025,12/22/2025,0,95,Webinar Recording,facebook,
LED-0025,CAM007,CH10,PER06,mql,05/27/2024,06/01/2024,,,,FALSE,91,Pricing Page,facebook,
LED-0026,CAM023,CH03,PER02,Closed Won,11/22/2025,12/03/2025,12/05/2025,12/07/2025,02/18/2026,No,54,Pricing Page,facebook,
LED-0026,CAM023,CH03,PER02,Closed Won,11/22/2025,12/03/2025,12/05/2025,12/07/2025,02/18/2026,No,54,Pricing Page,facebook,
LED-0027,CAM006,CH04,PER05,lead,05/27/2024,,,,,FALSE,36,None,direct,
LED-0028,CAM024,CH01,PER04,MQL,11/29/2025,12/08/2025,,,,0,81,None,organic,
LED-0029,CAM021,CH01,PER07,Marketing Qualified,09/16/2025,09/20/2025,,,,No,46,State of BI Report 2024,linkedin,
LED-0030,CAM010,CH03,PER01,LEAD,09/13/2024,,,,,TRUE,,Case Study: Retail,linkedin,
LED-0031,CAM010,CH03,PER03,mql,09/10/2024,09/22/2024,,,,0,90,Webinar Recording,facebook,
LED-0032,CAM007,CH10,PER07,MQL,05/18/2024,05/25/2024,,,,0,60,Webinar Recording,linkedin,
LED-0033,CAM015,CH01,PER03,LEAD,01/22/2025,,,,,0,,None,linkedin,
LED-0034,CAM023,CH03,PER06,Mql,11/19/2025,11/28/2025,,,,0,63,Data Modeling Guide,google,
LED-0035,CAM012,CH01,PER03,Mql,10/27/2024,11/04/2024,,,,0,45,None,organic,
LED-0036,CAM023,CH03,PER04,mql,10/24/2025,11/03/2025,,,,1,71,None,linkedin,
LED-0037,CAM016,CH03,PER06,Lead,01/27/2025,,,,,TRUE,,Case Study: Finance,direct,
LED-0038,CAM017,CH10,PER01,MQL,02/17/2025,03/02/2025,,,,0,52,Free Trial Signup,,
LED-0039,CAM021,CH01,PER06,Marketing Qualified,07/01/2025,07/12/2025,,,,TRUE,82,Star Schema Cheatsheet,email,
LED-0040,CAM001,CH03,PER05,sql,02/17/2024,02/22/2024,03/03/2024,,,0,62,Case Study: Retail,direct,
LED-0041,CAM002,CH01,PER01,MQL,02/20/2024,02/24/2024,,,,0,75,Webinar Recording,direct,
LED-0041,CAM002,CH01,PER01,MQL,02/20/2024,02/24/2024,,,,0,75,Webinar Recording,direct,
LED-0042,CAM006,CH04,PER07,LEAD,05/27/2024,,,,,0,17,Case Study: Retail,,
LED-0043,CAM008,CH01,PER07,LEAD,07/25/2024,,,,,0,24,Webinar Recording,,
LED-0044,CAM009,CH09,PER06,Lead,08/16/2024,,,,,0,19,Dashboard Best Practices,direct,
LED-0045,CAM018,CH01,PER02,mql,05/16/2025,05/30/2025,,,,0,93,Pricing Page,,
LED-0046,CAM022,CH09,PER01,lead,07/17/2025,,,,,1,,State of BI Report 2024,facebook,
LED-0047,CAM002,CH01,PER07,Sales Qualified,03/13/2024,03/20/2024,03/24/2024,,,0,,None,direct,
LED-0048,CAM020,CH04,PER02,Lead,08/13/2025,,,,,1,16,None,linkedin,
LED-0049,CAM021,CH01,PER04,Marketing Qualified,07/25/2025,07/28/2025,,,,0,49,Data Modeling Guide,facebook,
LED-0050,CAM016,CH03,PER06,LEAD,03/13/2025,,,,,0,11,None,email,
LED-0051,CAM022,CH09,PER07,LEAD,07/13/2025,,,,,0,40,Pricing Page,email,
LED-0052,CAM020,CH04,PER07,New Lead,07/11/2025,,,,,0,30,None,email,
LED-0053,CAM006,CH04,PER07,Sql,05/27/2024,06/01/2024,06/02/2024,,,0,57,ROI Calculator,,
LED-0054,CAM010,CH03,PER02,Lead,07/17/2024,,,,,1,11,None,facebook,
LED-0055,CAM018,CH01,PER03,lead,05/08/2025,,,,,No,25,None,email,
LED-0056,CAM003,CH02,PER01,Lead,03/21/2024,,,,,0,30,Free Trial Signup,direct,
LED-0057,CAM011,CH07,PER06,Lead,08/25/2024,,,,,0,14,Webinar Recording,organic,
LED-0058,CAM020,CH04,PER02,lead,09/09/2025,,,,,0,29,ROI Calculator,direct,
LED-0059,CAM010,CH03,PER06,MQL,08/21/2024,08/30/2024,,,,0,63,None,email,
LED-0060,CAM008,CH01,PER02,Won,09/06/2024,09/07/2024,09/12/2024,09/17/2024,12/16/2024,1,62,ROI Calculator,linkedin,
LED-0061,CAM007,CH10,PER02,Won,2024-05-29,2024-06-03,2024-06-08,2024-06-15,2024-08-25,1,90,ROI Calculator,organic,
LED-0061,CAM007,CH10,PER02,Won,2024-05-29,2024-06-03,2024-06-08,2024-06-15,2024-08-25,1,90,ROI Calculator,organic,
LED-0062,CAM017,CH10,PER04,LEAD,2025-04-01,,,,,1,19,Dashboard Best Practices,facebook,
LED-0063,CAM011,CH07,PER04,OPP,2024-08-13,2024-08-23,2024-09-01,2024-09-07,,0,71,Dashboard Best Practices,email,
LED-0064,CAM023,CH03,PER07,opportunity,2025-10-13,2025-10-23,2025-10-26,2025-11-01,,FALSE,65,Data Modeling Guide,facebook,
LED-0065,CAM022,CH09,PER03,Marketing Qualified,2025-07-22,2025-07-31,,,,0,93,Product Demo Request,linkedin,
LED-0066,CAM018,CH01,PER01,lead,2025-05-01,,,,,0,40,Star Schema Cheatsheet,direct,
LED-0067,CAM023,CH03,PER04,Won,2025-11-20,2025-11-29,2025-12-04,2025-12-09,2026-02-27,Yes,,Star Schema Cheatsheet,,
LED-0068,CAM001,CH03,PER01,lead,2024-03-03,,,,,0,17,None,direct,
LED-0069,CAM002,CH01,PER06,lead,2024-02-14,,,,,0,33,None,google,
LED-0070,CAM022,CH09,PER03,Not Qualified,2025-07-02,2025-07-11,2025-07-17,2025-07-20,2025-09-21,0,83,Webinar Recording,organic,
LED-0071,CAM007,CH10,PER04,Lead,2024-05-13,,,,,0,13,Data Modeling Guide,organic,
LED-0072,CAM020,CH04,PER01,Lead,2025-08-18,,,,,0,12,Free Trial Signup,facebook,
LED-0073,CAM013,CH03,PER02,lead,2024-12-08,,,,,0,29,ROI Calculator,linkedin,
LED-0074,CAM001,CH03,PER02,Lead,2024-02-04,,,,,0,,Webinar Recording,facebook,
LED-0075,CAM003,CH02,PER06,mql,2024-02-05,2024-02-07,,,,FALSE,65,State of BI Report 2024,email,
LED-0076,CAM023,CH03,PER07,Mql,2025-11-17,2025-11-24,,,,TRUE,73,Case Study: Retail,organic,
LED-0077,CAM018,CH01,PER06,CLOSED WON,2025-05-04,2025-05-16,2025-05-18,2025-05-20,2025-07-06,Yes,,Free Trial Signup,google,
LED-0078,CAM020,CH04,PER01,Marketing Qualified,2025-08-04,2025-08-14,,,,0,49,Dashboard Best Practices,,
LED-0079,CAM015,CH01,PER06,MQL,2025-03-03,2025-03-04,,,,0,76,Webinar Recording,google,
LED-0080,CAM003,CH02,PER07,LEAD,2024-03-25,,,,,0,25,Webinar Recording,google,
LED-0081,CAM016,CH03,PER07,Marketing Qualified,2025-03-03,2025-03-16,,,,Yes,64,Free Trial Signup,,
LED-0081,CAM016,CH03,PER07,Marketing Qualified,2025-03-03,2025-03-16,,,,Yes,64,Free Trial Signup,,
LED-0082,CAM017,CH10,PER02,Marketing Qualified,2025-04-21,2025-04-30,,,,0,98,None,linkedin,
LED-0083,CAM004,CH08,PER03,Not Qualified,2024-05-21,,,,,FALSE,36,None,organic,
LED-0084,CAM009,CH09,PER04,Opportunity,2024-09-01,2024-09-11,2024-09-12,2024-09-13,,0,53,None,google,
LED-0085,CAM014,CH08,PER02,MQL,2024-12-01,2024-12-12,,,,0,94,ROI Calculator,email,
LED-0086,CAM001,CH03,PER01,Lead,2024-02-18,,,,,Yes,,Star Schema Cheatsheet,,
LED-0087,CAM004,CH08,PER01,mql,2024-05-26,2024-05-29,,,,0,46,None,,
LED-0088,CAM023,CH03,PER03,Sales Qualified,2025-10-23,2025-10-30,2025-11-02,,,0,100,Case Study: Retail,facebook,
LED-0089,CAM021,CH01,PER01,Lead,2025-07-10,,,,,0,44,Webinar Recording,,
LED-0090,CAM009,CH09,PER07,SQL,2024-07-21,2024-08-02,2024-08-12,,,0,45,Webinar Recording,,
LED-0091,CAM016,CH03,PER04,Marketing Qualified,2025-01-22,2025-02-01,,,,Yes,47,None,,
LED-0092,CAM017,CH10,PER03,LEAD,2025-04-01,,,,,0,,Star Schema Cheatsheet,direct,
LED-0093,CAM006,CH04,PER04,LEAD,2024-05-07,,,,,0,29,Product Demo Request,facebook,
LED-0094,CAM005,CH07,PER07,lead,2024-06-04,,,,,0,39,Data Dictionary Template,,
LED-0095,CAM017,CH10,PER01,MQL,2025-03-04,2025-03-11,,,,0,81,Data Dictionary Template,direct,
LED-0096,CAM001,CH03,PER03,Won,2024-02-28,2024-03-12,2024-03-19,2024-03-23,2024-06-16,1,84,None,,
LED-0097,CAM003,CH02,PER07,sql,2024-03-06,2024-03-10,2024-03-15,,,0,48,Data Modeling Guide,,
LED-0098,CAM018,CH01,PER06,disqualified,2025-06-22,,,,,1,34,State of BI Report 2024,google,
LED-0099,CAM011,CH07,PER01,New Lead,2024-09-27,,,,,0,37,Free Trial Signup,,
LED-0100,CAM017,CH10,PER01,Marketing Qualified,2025-03-31,2025-04-05,,,,0,,Data Dictionary Template,email,
LED-0101,CAM012,CH01,PER02,Disqualified,2024-11-14,,,,,0,26,Free Trial Signup,direct,
LED-0101,CAM012,CH01,PER02,Disqualified,2024-11-14,,,,,0,26,Free Trial Signup,direct,
LED-0102,CAM023,CH03,PER05,Lead,2025-10-30,,,,,0,36,Star Schema Cheatsheet,,
 LED-0103,CAM017,CH10,PER05,Mql,2025-03-29,2025-04-01,,,,0,70,Product Demo Request,direct,
LED-0104,CAM006,CH04,PER06,Sql,2024-06-06,2024-06-11,2024-06-21,,,FALSE,78,Data Modeling Guide,google,
LED-0105,CAM005,CH07,PER04,lead,2024-04-06,,,,,0,18,Star Schema Cheatsheet,,
LED-0106,CAM018,CH01,PER03,lead,2025-05-17,,,,,0,32,Pricing Page,email,
LED-0107,CAM023,CH03,PER01,MQL,2025-12-10,2025-12-11,,,,0,47,Free Trial Signup,linkedin,
LED-0108,CAM014,CH08,PER02,DQ,2024-12-14,,,,,0,30,Star Schema Cheatsheet,facebook,
LED-0109,CAM003,CH02,PER04,mql,2024-03-26,2024-04-09,,,,Yes,64,Case Study: Retail,,
LED-0110,CAM012,CH01,PER05,Disqualified,2024-11-18,,,,,0,,Dashboard Best Practices,linkedin,
LED-0111,CAM012,CH01,PER02,LEAD,2024-10-09,,,,,0,43,None,facebook,
LED-0112,CAM001,CH03,PER03,sql,2024-02-26,2024-03-07,2024-03-09,,,0,,Webinar Recording,google,
LED-0113,CAM009,CH09,PER04,Lead,2024-07-17,,,,,0,27,None,linkedin,
LED-0114,CAM005,CH07,PER03,lead,2024-06-24,,,,,0,13,Product Demo Request,linkedin,
LED-0115,CAM009,CH09,PER02,MQL,2024-08-01,2024-08-10,,,,Yes,62,Webinar Recording,facebook,
LED-0116,CAM010,CH03,PER04,New Lead,2024-08-19,,,,,0,21,Free Trial Signup,organic,
LED-0117,CAM001,CH03,PER04,Opp,2024-02-06,2024-02-17,2024-02-22,2024-02-27,,FALSE,71,Data Modeling Guide,linkedin,
LED-0118,CAM015,CH01,PER07,Marketing Qualified,2025-01-14,2025-01-23,,,,0,55,Star Schema Cheatsheet,facebook,
 LED-0119,CAM012,CH01,PER07,DQ,2024-12-08,,,,,0,15,None,linkedin,
LED-0120,CAM007,CH10,PER06,mql,2024-05-07,2024-05-11,,,,Yes,67,None,direct,
LED-0121,CAM015,CH01,PER04,New Lead,2025-03-28,,,,,0,10,ROI Calculator,organic,
LED-0121,CAM015,CH01,PER04,New Lead,2025-03-28,,,,,0,10,ROI Calculator,organic,
LED-0122,CAM020,CH04,PER02,SQL,2025-07-20,2025-07-27,2025-07-30,,,0,,None,direct,
LED-0123,CAM018,CH01,PER04,Mql,2025-05-07,2025-05-08,,,,0,87,Pricing Page,,
LED-0124,CAM002,CH01,PER03,MQL,2024-01-15,2024-01-16,,,,0,90,Data Dictionary Template,google,
LED-0125,CAM013,CH03,PER07,Opp,2024-11-17,2024-11-30,2024-12-10,2024-12-12,,0,,ROI Calculator,facebook,
LED-0126,CAM011,CH07,PER05,Mql,2024-09-26,2024-10-05,,,,1,57,Star Schema Cheatsheet,direct,
LED-0127,CAM014,CH08,PER06,Lead,2024-11-20,,,,,0,,Case Study: Finance,google,
LED-0128,CAM003,CH02,PER04,New Lead,2024-03-28,,,,,0,43,Webinar Recording,direct,
LED-0129,CAM016,CH03,PER01,LEAD,2025-03-18,,,,,0,32,ROI Calculator,,
LED-0130,CAM023,CH03,PER03,lead,2025-10-30,,,,,0,32,None,google,
LED-0131,CAM023,CH03,PER07,LEAD,2025-10-03,,,,,No,30,Dashboard Best Practices,email,
LED-0132,CAM010,CH03,PER03,Won,2024-08-11,2024-08-17,2024-08-22,2024-08-24,2024-10-22,FALSE,60,Webinar Recording,facebook,
LED-0133,CAM024,CH01,PER07,Marketing Qualified,2025-12-01,2025-12-07,,,,0,90,Data Modeling Guide,organic,
LED-0134,CAM011,CH07,PER05,sql,2024-08-14,2024-08-24,2024-08-31,,,TRUE,98,Data Dictionary Template,linkedin,
LED-0135,CAM005,CH07,PER07,New Lead,2024-05-30,,,,,0,37,None,google,
LED-0136,CAM023,CH03,PER04,sql,2025-11-12,2025-11-21,2025-11-25,,,TRUE,64,State of BI Report 2024,organic,
 LED-0137,CAM008,CH01,PER06,mql,2024-08-01,2024-08-04,,,,0,59,Pricing Page,facebook,
LED-0138,CAM014,CH08,PER02,New Lead,2024-11-25,,,,,Yes,20,Pricing Page,direct,
LED-0139,CAM002,CH01,PER01,CLOSED WON,2024-03-28,2024-04-04,2024-04-09,2024-04-14,2024-06-18,1,70,Star Schema Cheatsheet,email,
LED-0140,CAM014,CH08,PER05,Sales Qualified,2024-12-15,2024-12-21,2024-12-24,,,No,65,Data Modeling Guide,,
LED-0141,CAM016,CH03,PER05,sql,2025-02-22,2025-03-08,2025-03-16,,,0,98,Case Study: Finance,email,
LED-0141,CAM016,CH03,PER05,sql,2025-02-22,2025-03-08,2025-03-16,,,0,98,Case Study: Finance,email,
LED-0142,CAM006,CH04,PER04,MQL,2024-06-27,2024-07-05,,,,0,76,Webinar Recording,email,
 LED-0143,CAM018,CH01,PER04,Sales Qualified,2025-06-18,2025-07-01,2025-07-02,,,FALSE,69,None,direct,
LED-0144,CAM022,CH09,PER04,Lead,2025-07-25,,,,,No,25,ROI Calculator,direct,
LED-0145,CAM013,CH03,PER04,Lead,2024-11-10,,,,,FALSE,17,Data Modeling Guide,,
LED-0146,CAM004,CH08,PER05,mql,2024-05-25,2024-06-07,,,,0,79,ROI Calculator,organic,
LED-0147,CAM004,CH08,PER02,Disqualified,2024-06-15,,,,,1,34,Dashboard Best Practices,email,
LED-0148,CAM009,CH09,PER01,MQL,2024-08-14,2024-08-15,,,,0,100,None,email,
LED-0149,CAM007,CH10,PER01,LEAD,2024-05-30,,,,,Yes,38,Dashboard Best Practices,direct,
LED-0150,CAM007,CH10,PER05,Lead,2024-05-06,,,,,0,33,Case Study: Finance,direct,
LED-0151,CAM012,CH01,PER07,SQL,2024-11-16,2024-11-22,2024-11-23,,,0,54,State of BI Report 2024,direct,
LED-0152,CAM006,CH04,PER05,New Lead,2024-04-06,,,,,No,,Case Study: Retail,linkedin,
LED-0153,CAM010,CH03,PER07,MQL,2024-08-17,2024-08-20,,,,0,53,Case Study: Finance,,
LED-0154,CAM011,CH07,PER06,Marketing Qualified,2024-08-24,2024-09-01,,,,0,92,ROI Calculator,google,
LED-0155,CAM016,CH03,PER01,Sales Qualified,2025-02-07,2025-02-17,2025-02-19,,,0,78,ROI Calculator,email,
LED-0156,CAM014,CH08,PER06,Won,2024-11-27,2024-12-09,2024-12-15,2024-12-20,2025-02-08,1,98,None,,
LED-0157,CAM024,CH01,PER03,New Lead,2025-11-19,,,,,0,31,Dashboard Best Practices,email,
LED-0158,CAM022,CH09,PER03,DQ,2025-09-07,,,,,0,20,Case Study: Finance,google,
LED-0159,CAM003,CH02,PER07,Sql,2024-02-15,2024-02-19,2024-02-26,,,1,97,Dashboard Best Practices,organic,
LED-0160,CAM008,CH01,PER01,MQL,2024-07-17,2024-07-22,,,,No,80,Case Study: Retail,,
LED-0161,CAM006,CH04,PER07,Lead,2024-06-23,,,,,0,10,Free Trial Signup,facebook,
LED-0161,CAM006,CH04,PER07,Lead,2024-06-23,,,,,0,10,Free Trial Signup,facebook,
LED-0162,CAM007,CH10,PER04,Marketing Qualified,2024-06-09,2024-06-21,,,,0,73,Data Modeling Guide,linkedin,
LED-0163,CAM023,CH03,PER05,Sales Qualified,2025-10-03,2025-10-04,2025-10-09,,,0,94,Case Study: Finance,google,
 LED-0164,CAM005,CH07,PER01,CLOSED WON,2024-04-18,2024-04-29,2024-05-04,2024-05-06,2024-08-03,1,46,State of BI Report 2024,organic,
LED-0165,CAM020,CH04,PER01,Disqualified,2025-09-10,,,,,0,32,Data Dictionary Template,organic,
LED-0166,CAM022,CH09,PER02,sql,2025-08-10,2025-08-17,2025-08-27,,,0,,None,email,
LED-0167,CAM008,CH01,PER02,Opp,2024-08-24,2024-09-01,2024-09-05,2024-09-07,,0,75,Webinar Recording,linkedin,
LED-0168,CAM017,CH10,PER01,Marketing Qualified,2025-03-02,2025-03-10,,,,1,53,Dashboard Best Practices,facebook,
LED-0169,CAM004,CH08,PER05,Not Qualified,2024-04-05,,,,,0,32,Dashboard Best Practices,,
 LED-0170,CAM009,CH09,PER07,disqualified,2024-08-25,,,,,0,11,Data Modeling Guide,organic,
LED-0171,CAM001,CH03,PER02,disqualified,2024-01-19,,,,,0,25,State of BI Report 2024,,
LED-0172,CAM001,CH03,PER06,closed won,2024-02-11,2024-02-24,2024-03-03,2024-03-04,2024-05-05,1,57,Case Study: Finance,linkedin,
LED-0173,CAM011,CH07,PER01,Lead,2024-08-27,,,,,TRUE,32,Star Schema Cheatsheet,direct,
LED-0174,CAM010,CH03,PER05,Marketing Qualified,2024-07-06,2024-07-10,,,,0,91,ROI Calculator,organic,
LED-0175,CAM017,CH10,PER05,Marketing Qualified,2025-03-15,2025-03-19,,,,0,93,State of BI Report 2024,google,
LED-0176,CAM009,CH09,PER07,disqualified,2024-09-09,2024-09-21,2024-09-22,2024-09-29,2024-11-10,0,63,Data Modeling Guide,facebook,
LED-0177,CAM006,CH04,PER06,lead,2024-05-25,,,,,0,19,None,organic,
LED-0178,CAM009,CH09,PER01,lead,2024-07-31,,,,,0,36,None,,
LED-0179,CAM018,CH01,PER01,MQL,2025-06-26,2025-07-04,,,,Yes,88,Case Study: Finance,direct,
LED-0180,CAM020,CH04,PER03,lead,2025-09-12,,,,,0,42,Data Modeling Guide,linkedin,
LED-0181,CAM018,CH01,PER07,Marketing Qualified,2025-05-30,2025-06-05,,,,0,,None,facebook,
LED-0181,CAM018,CH01,PER07,Marketing Qualified,2025-05-30,2025-06-05,,,,0,,None,facebook,
LED-0182,CAM016,CH03,PER07,Mql,2025-02-06,2025-02-16,,,,0,75,None,,
LED-0183,CAM005,CH07,PER01,New Lead,2024-06-22,,,,,0,18,Dashboard Best Practices,facebook,
LED-0184,CAM017,CH10,PER02,mql,2025-04-11,2025-04-18,,,,0,84,Webinar Recording,direct,
LED-0185,CAM001,CH03,PER03,Lead,2024-02-26,,,,,0,33,None,email,
LED-0186,CAM020,CH04,PER01,Mql,2025-07-10,2025-07-14,,,,Yes,86,Pricing Page,google,
LED-0187,CAM009,CH09,PER03,Lead,2024-07-17,,,,,0,,Case Study: Finance,facebook,
LED-0188,CAM012,CH01,PER05,New Lead,2024-11-29,,,,,0,31,Star Schema Cheatsheet,direct,
LED-0189,CAM008,CH01,PER02,SQL,2024-09-24,2024-09-29,2024-10-08,,,0,45,Pricing Page,organic,
 LED-0190,CAM016,CH03,PER06,lead,2025-03-20,,,,,1,26,Star Schema Cheatsheet,email,
LED-0191,CAM009,CH09,PER04,LEAD,2024-07-23,,,,,0,37,Webinar Recording,direct,
 LED-0192,CAM001,CH03,PER05,MQL,2024-03-06,2024-03-07,,,,0,45,ROI Calculator,linkedin,
LED-0193,CAM013,CH03,PER07,OPP,2024-10-17,2024-10-26,2024-10-28,2024-11-04,,0,89,Data Dictionary Template,organic,
LED-0194,CAM020,CH04,PER02,Sales Qualified,2025-09-07,2025-09-11,2025-09-12,,,No,57,State of BI Report 2024,organic,
LED-0195,CAM016,CH03,PER01,Mql,2025-03-24,2025-03-29,,,,0,65,None,google,
LED-0196,CAM013,CH03,PER07,Mql,2024-12-14,2024-12-26,,,,0,76,ROI Calculator,linkedin,
LED-0197,CAM020,CH04,PER01,Mql,2025-08-28,2025-09-11,,,,Yes,84,Free Trial Signup,google,
LED-0198,CAM008,CH01,PER03,lead,2024-08-11,,,,,0,23,ROI Calculator,google,
LED-0199,CAM021,CH01,PER01,LEAD,2025-07-21,,,,,0,41,None,linkedin,
LED-0200,CAM019,CH08,PER02,Mql,2025-04-30,2025-05-08,,,,0,82,Webinar Recording,organic,
LED-0201,CAM007,CH10,PER04,New Lead,2024-07-04,,,,,0,42,Pricing Page,,
LED-0201,CAM007,CH10,PER04,New Lead,2024-07-04,,,,,0,42,Pricing Page,,
LED-0202,CAM002,CH01,PER02,Opp,2024-02-03,2024-02-05,2024-02-08,2024-02-14,,TRUE,85,Dashboard Best Practices,google,
LED-0203,CAM019,CH08,PER04,Not Qualified,2025-05-09,,,,,0,23,State of BI Report 2024,facebook,
LED-0204,CAM011,CH07,PER07,New Lead,2024-09-05,,,,,0,28,Product Demo Request,direct,
 LED-0205,CAM003,CH02,PER01,Lead,2024-03-27,,,,,0,41,Case Study: Finance,facebook,
LED-0206,CAM007,CH10,PER07,sql,2024-07-16,2024-07-26,2024-08-05,,,FALSE,,Pricing Page,email,
LED-0207,CAM006,CH04,PER04,DQ,2024-04-18,,,,,0,39,Case Study: Finance,direct,
LED-0208,CAM016,CH03,PER03,Not Qualified,2025-02-22,2025-03-01,2025-03-11,2025-03-13,2025-04-13,TRUE,98,Case Study: Finance,email,
 LED-0209,CAM022,CH09,PER04,LEAD,2025-09-07,,,,,0,17,None,direct,
LED-0210,CAM003,CH02,PER04,Marketing Qualified,2024-04-20,2024-04-27,,,,0,90,Dashboard Best Practices,email,
LED-0211,CAM008,CH01,PER01,Sql,2024-08-01,2024-08-12,2024-08-15,,,FALSE,78,Free Trial Signup,linkedin,
LED-0212,CAM013,CH03,PER06,Mql,2024-11-15,2024-11-17,,,,0,99,Data Dictionary Template,organic,
LED-0213,CAM021,CH01,PER04,Lead,2025-07-05,,,,,0,35,Case Study: Retail,direct,
LED-0214,CAM024,CH01,PER02,CLOSED WON,2025-10-02,2025-10-11,2025-10-16,2025-10-18,2025-12-26,1,50,None,google,
LED-0215,CAM013,CH03,PER07,disqualified,2024-10-21,,,,,0,13,Data Dictionary Template,facebook,
LED-0216,CAM017,CH10,PER01,MQL,2025-04-10,2025-04-19,,,,No,50,Case Study: Finance,email,
LED-0217,CAM002,CH01,PER07,Sales Qualified,2024-01-13,2024-01-16,2024-01-21,,,0,70,Case Study: Retail,email,
LED-0218,CAM011,CH07,PER01,MQL,2024-08-17,2024-08-22,,,,FALSE,95,Data Dictionary Template,email,
LED-0219,CAM019,CH08,PER05,New Lead,2025-05-21,,,,,No,14,None,email,
LED-0220,CAM003,CH02,PER04,lead,2024-04-12,,,,,FALSE,29,Pricing Page,linkedin,
LED-0221,CAM016,CH03,PER03,sql,2025-01-21,2025-01-30,2025-02-09,,,0,70,Data Dictionary Template,,
LED-0221,CAM016,CH03,PER03,sql,2025-01-21,2025-01-30,2025-02-09,,,0,70,Data Dictionary Template,,
LED-0222,CAM005,CH07,PER01,lead,2024-06-07,,,,,0,29,None,email,
LED-0223,CAM008,CH01,PER03,closed won,2024-07-18,2024-07-21,2024-07-26,2024-08-02,2024-10-26,TRUE,91,None,organic,
LED-0224,CAM010,CH03,PER01,MQL,2024-09-05,2024-09-16,,,,0,73,None,linkedin,
LED-0225,CAM002,CH01,PER06,Lead,2024-02-24,,,,,Yes,39,Data Modeling Guide,,
LED-0226,CAM011,CH07,PER01,Opportunity,2024-08-05,2024-08-08,2024-08-09,2024-08-13,,0,98,None,linkedin,
LED-0227,CAM013,CH03,PER06,New Lead,2024-11-17,,,,,0,39,State of BI Report 2024,google,
LED-0228,CAM012,CH01,PER05,mql,2024-10-22,2024-10-25,,,,0,88,None,facebook,
LED-0229,CAM002,CH01,PER05,Sales Qualified,2024-02-22,2024-02-23,2024-02-28,,,0,61,Data Modeling Guide,direct,
LED-0230,CAM024,CH01,PER01,CLOSED WON,2025-11-01,2025-11-02,2025-11-11,2025-11-18,2026-01-19,1,94,State of BI Report 2024,linkedin,
LED-0231,CAM015,CH01,PER02,Lead,2025-01-25,,,,,Yes,27,Free Trial Signup,email,
LED-0232,CAM022,CH09,PER01,MQL,2025-08-11,2025-08-16,,,,TRUE,75,Case Study: Retail,,
LED-0233,CAM003,CH02,PER02,Sql,2024-04-20,2024-05-02,2024-05-11,,,0,72,None,email,
LED-0234,CAM016,CH03,PER07,Lead,2025-03-27,,,,,0,25,Data Modeling Guide,google,
LED-0235,CAM020,CH04,PER01,Lead,2025-07-09,,,,,0,39,Case Study: Finance,google,
LED-0236,CAM017,CH10,PER02,mql,2025-04-19,2025-05-01,,,,0,91,Pricing Page,facebook,
 LED-0237,CAM015,CH01,PER02,Sales Qualified,2025-01-31,2025-02-10,2025-02-18,,,0,73,ROI Calculator,direct,
LED-0238,CAM019,CH08,PER01,MQL,2025-05-14,2025-05-19,,,,0,60,Webinar Recording,direct,
LED-0239,CAM010,CH03,PER06,New Lead,2024-07-12,,,,,0,26,State of BI Report 2024,facebook,
LED-0240,CAM011,CH07,PER07,Mql,2024-09-10,2024-09-20,,,,0,53,Data Modeling Guide,organic,
LED-0241,CAM008,CH01,PER06,lead,2024-08-25,,,,,0,32,Data Dictionary Template,direct,
LED-0241,CAM008,CH01,PER06,lead,2024-08-25,,,,,0,32,Data Dictionary Template,direct,
LED-0242,CAM002,CH01,PER06,Mql,2024-01-08,2024-01-09,,,,0,51,Case Study: Finance,direct,
LED-0243,CAM009,CH09,PER06,Lead,2024-08-17,,,,,0,34,None,email,
LED-0244,CAM014,CH08,PER02,Closed Won,2024-12-11,2024-12-22,2024-12-24,2024-12-25,2025-03-03,0,45,Star Schema Cheatsheet,organic,
LED-0245,CAM020,CH04,PER01,Sales Qualified,2025-09-23,2025-09-26,2025-10-06,,,0,60,None,facebook,
LED-0246,CAM020,CH04,PER06,MQL,2025-08-01,2025-08-09,,,,0,54,Case Study: Retail,facebook,
LED-0247,CAM005,CH07,PER03,lead,2024-05-22,,,,,0,35,Case Study: Retail,organic,
LED-0248,CAM015,CH01,PER07,Marketing Qualified,2025-02-08,2025-02-16,,,,0,54,None,linkedin,
LED-0249,CAM020,CH04,PER05,New Lead,2025-09-05,,,,,No,38,Pricing Page,organic,
 LED-0250,CAM021,CH01,PER05,Marketing Qualified,2025-07-18,2025-07-22,,,,FALSE,57,None,email,
LED-0251,CAM018,CH01,PER04,Lead,2025-06-24,,,,,0,43,Webinar Recording,direct,
 LED-0252,CAM010,CH03,PER07,Closed Won,2024-08-09,2024-08-13,2024-08-18,2024-08-19,2024-10-25,Yes,55,Dashboard Best Practices,organic,
LED-0253,CAM015,CH01,PER07,SQL,2025-01-21,2025-01-24,2025-02-01,,,1,61,Dashboard Best Practices,google,
LED-0254,CAM002,CH01,PER01,Marketing Qualified,2024-03-19,2024-03-29,,,,0,73,None,,
LED-0255,CAM020,CH04,PER02,disqualified,2025-07-05,,,,,0,23,Case Study: Finance,,
LED-0256,CAM017,CH10,PER02,Mql,2025-04-19,2025-04-23,,,,0,49,Pricing Page,organic,
LED-0257,CAM011,CH07,PER05,Opportunity,2024-09-26,2024-09-28,2024-10-06,2024-10-08,,0,60,Star Schema Cheatsheet,direct,
LED-0258,CAM021,CH01,PER01,MQL,2025-07-19,2025-07-28,,,,1,80,Product Demo Request,direct,
LED-0259,CAM007,CH10,PER06,LEAD,2024-06-19,,,,,0,29,None,,
LED-0260,CAM001,CH03,PER03,Disqualified,2024-02-20,,,,,0,43,Dashboard Best Practices,organic,
LED-0261,CAM017,CH10,PER03,Marketing Qualified,2025-04-25,2025-05-02,,,,0,47,None,email,
LED-0261,CAM017,CH10,PER03,Marketing Qualified,2025-04-25,2025-05-02,,,,0,47,None,email,
LED-0262,CAM021,CH01,PER02,OPP,2025-08-11,2025-08-18,2025-08-27,2025-08-31,,0,46,Free Trial Signup,facebook,
LED-0263,CAM020,CH04,PER01,Marketing Qualified,2025-09-02,2025-09-04,,,,0,81,Data Modeling Guide,facebook,
LED-0264,CAM006,CH04,PER07,Not Qualified,2024-05-26,2024-06-01,2024-06-04,2024-06-08,2024-09-05,0,69,None,linkedin,
LED-0265,CAM014,CH08,PER02,Sql,2024-12-11,2024-12-16,2024-12-18,,,0,71,Data Modeling Guide,direct,
LED-0266,CAM016,CH03,PER07,Lead,2025-02-12,,,,,0,31,Case Study: Finance,organic,
 LED-0267,CAM018,CH01,PER04,lead,2025-04-16,,,,,0,11,Webinar Recording,organic,
LED-0268,CAM002,CH01,PER01,Sales Qualified,2024-01-16,2024-01-17,2024-01-24,,,0,84,Data Dictionary Template,google,
LED-0269,CAM011,CH07,PER06,New Lead,2024-08-29,,,,,0,,Data Modeling Guide,email,
LED-0270,CAM015,CH01,PER07,Sales Qualified,2025-01-21,2025-01-29,2025-02-01,,,0,64,None,email,
LED-0271,CAM016,CH03,PER01,Lead,2025-02-08,,,,,0,14,ROI Calculator,linkedin,
LED-0272,CAM013,CH03,PER02,Sales Qualified,2024-10-05,2024-10-15,2024-10-19,,,0,61,Dashboard Best Practices,,
LED-0273,CAM021,CH01,PER03,Opportunity,2025-09-23,2025-10-05,2025-10-15,2025-10-18,,0,,ROI Calculator,direct,
LED-0274,CAM011,CH07,PER06,Mql,2024-08-13,2024-08-24,,,,0,55,ROI Calculator,email,
LED-0275,CAM015,CH01,PER04,CLOSED WON,2025-03-22,2025-03-31,2025-04-02,2025-04-06,2025-05-10,1,96,None,facebook,
LED-0276,CAM015,CH01,PER04,opportunity,2025-01-30,2025-02-13,2025-02-16,2025-02-21,,0,54,None,email,
LED-0277,CAM002,CH01,PER01,Sales Qualified,2024-03-25,2024-04-06,2024-04-15,,,0,80,Star Schema Cheatsheet,facebook,
LED-0278,CAM020,CH04,PER05,lead,2025-07-02,,,,,0,15,Webinar Recording,email,
LED-0279,CAM010,CH03,PER02,disqualified,2024-08-17,,,,,TRUE,19,Pricing Page,organic,
LED-0280,CAM022,CH09,PER04,LEAD,2025-08-05,,,,,Yes,35,Dashboard Best Practices,facebook,
LED-0281,CAM009,CH09,PER04,disqualified,2024-09-03,,,,,0,11,Data Modeling Guide,google,
LED-0282,CAM014,CH08,PER03,Won,2024-12-19,2024-12-20,2024-12-23,2024-12-27,2025-02-13,1,51,Case Study: Retail,direct,
LED-0283,CAM017,CH10,PER04,Closed Won,2025-04-10,2025-04-21,2025-04-27,2025-04-28,2025-07-20,1,83,Star Schema Cheatsheet,google,
LED-0284,CAM008,CH01,PER05,mql,2024-08-20,2024-08-30,,,,0,87,Product Demo Request,direct,
 LED-0285,CAM014,CH08,PER01,CLOSED WON,2024-12-06,2024-12-19,2024-12-20,2024-12-22,2025-02-10,1,77,None,facebook,
LED-0286,CAM024,CH01,PER02,Marketing Qualified,2025-11-02,2025-11-06,,,,Yes,62,ROI Calculator,organic,
LED-0287,CAM021,CH01,PER06,Mql,2025-07-24,2025-07-26,,,,0,64,Pricing Page,facebook,
LED-0288,CAM007,CH10,PER04,lead,2024-06-19,,,,,0,41,Free Trial Signup,linkedin,
LED-0289,CAM017,CH10,PER04,Mql,2025-03-05,2025-03-08,,,,0,98,None,direct,
LED-0290,CAM005,CH07,PER07,MQL,2024-04-03,2024-04-08,,,,0,98,None,organic,
LED-0291,CAM024,CH01,PER07,lead,2025-11-02,,,,,0,22,Star Schema Cheatsheet,direct,
LED-0292,CAM009,CH09,PER06,MQL,2024-07-03,2024-07-17,,,,0,,None,google,
LED-0293,CAM008,CH01,PER04,lead,2024-08-01,,,,,0,20,Dashboard Best Practices,email,
LED-0294,CAM017,CH10,PER04,lead,2025-02-21,,,,,0,24,Pricing Page,organic,
LED-0295,CAM018,CH01,PER07,Lead,2025-05-27,,,,,0,18,Dashboard Best Practices,facebook,
LED-0296,CAM019,CH08,PER03,OPP,2025-05-16,2025-05-18,2025-05-21,2025-05-22,,No,68,Case Study: Finance,facebook,
LED-0297,CAM011,CH07,PER02,Mql,2024-09-20,2024-09-27,,,,0,97,Case Study: Finance,organic,
LED-0298,CAM014,CH08,PER04,MQL,2024-11-11,2024-11-25,,,,0,,Data Modeling Guide,email,
LED-0299,CAM003,CH02,PER01,lead,2024-04-21,,,,,0,28,Free Trial Signup,organic,
LED-0300,CAM020,CH04,PER07,mql,2025-09-21,2025-10-05,,,,0,54,ROI Calculator,email,
 LED-0301,CAM011,CH07,PER01,opportunity,2024-08-14,2024-08-18,2024-08-19,2024-08-24,,0,76,Case Study: Retail,direct,
LED-0302,CAM006,CH04,PER04,Mql,2024-06-23,2024-07-07,,,,0,70,Webinar Recording,email,
LED-0303,CAM023,CH03,PER06,DQ,2025-11-06,,,,,1,19,State of BI Report 2024,email,
LED-0304,CAM007,CH10,PER07,MQL,2024-07-01,2024-07-15,,,,0,67,Data Dictionary Template,google,
LED-0305,CAM024,CH01,PER05,LEAD,2025-11-10,,,,,0,12,Pricing Page,,
LED-0306,CAM013,CH03,PER07,Lead,2024-11-19,,,,,No,,None,organic,
LED-0307,CAM012,CH01,PER06,Opp,2024-10-06,2024-10-14,2024-10-21,2024-10-23,,FALSE,64,None,,
LED-0308,CAM012,CH01,PER05,Mql,2024-11-21,2024-11-24,,,,0,60,Case Study: Retail,google,
LED-0309,CAM021,CH01,PER04,MQL,2025-07-09,2025-07-16,,,,0,,None,google,
LED-0310,CAM015,CH01,PER07,SQL,2025-01-27,2025-02-02,2025-02-05,,,0,78,Data Modeling Guide,organic,
LED-0311,CAM002,CH01,PER06,MQL,2024-03-20,2024-04-03,,,,0,51,Dashboard Best Practices,email,
LED-0312,CAM013,CH03,PER01,LEAD,2024-11-09,,,,,0,19,State of BI Report 2024,email,
LED-0313,CAM002,CH01,PER07,LEAD,2024-02-10,,,,,0,28,Webinar Recording,,
LED-0314,CAM020,CH04,PER03,New Lead,2025-08-28,,,,,0,25,Data Dictionary Template,google,
LED-0315,CAM010,CH03,PER02,Mql,2024-08-20,2024-08-21,,,,0,79,Pricing Page,linkedin,
LED-0316,CAM024,CH01,PER06,Opportunity,2025-10-07,2025-10-15,2025-10-19,2025-10-20,,0,54,Data Dictionary Template,google,
LED-0317,CAM022,CH09,PER03,OPP,2025-09-21,2025-09-23,2025-09-29,2025-10-04,,0,80,None,direct,
LED-0318,CAM023,CH03,PER07,opportunity,2025-10-28,2025-11-09,2025-11-19,2025-11-23,,Yes,47,Pricing Page,facebook,
LED-0319,CAM001,CH03,PER02,Lead,2024-03-12,,,,,No,16,Product Demo Request,,
LED-0320,CAM005,CH07,PER01,Mql,2024-05-17,2024-05-18,,,,0,98,State of BI Report 2024,facebook,
LED-0321,CAM014,CH08,PER01,Lead,2024-12-08,,,,,TRUE,24,Case Study: Retail,facebook,
LED-0322,CAM001,CH03,PER04,Mql,2024-01-18,2024-01-20,,,,0,48,Case Study: Finance,email,
LED-0323,CAM004,CH08,PER07,Lead,2024-06-02,,,,,0,,Dashboard Best Practices,linkedin,
LED-0324,CAM012,CH01,PER02,sql,2024-10-20,2024-10-21,2024-10-25,,,0,79,Pricing Page,direct,
LED-0325,CAM021,CH01,PER04,mql,2025-09-18,2025-09-27,,,,0,70,ROI Calculator,organic,
LED-0326,CAM021,CH01,PER07,lead,2025-09-21,,,,,FALSE,25,Free Trial Signup,linkedin,
LED-0327,CAM018,CH01,PER02,Opp,2025-04-26,2025-05-03,2025-05-07,2025-05-12,,0,54,State of BI Report 2024,facebook,
LED-0328,CAM011,CH07,PER07,Mql,2024-08-16,2024-08-22,,,,0,76,Free Trial Signup,email,
LED-0329,CAM010,CH03,PER06,Marketing Qualified,2024-09-13,2024-09-24,,,,0,86,Data Modeling Guide,facebook,
LED-0330,CAM008,CH01,PER01,LEAD,2024-09-22,,,,,0,34,Star Schema Cheatsheet,direct,
LED-0331,CAM012,CH01,PER02,Mql,2024-12-11,2024-12-21,,,,0,93,Star Schema Cheatsheet,email,
LED-0332,CAM007,CH10,PER04,Marketing Qualified,2024-07-05,2024-07-14,,,,FALSE,46,Webinar Recording,,
LED-0333,CAM016,CH03,PER07,Marketing Qualified,2025-02-08,2025-02-16,,,,1,63,Star Schema Cheatsheet,google,
LED-0334,CAM009,CH09,PER05,LEAD,2024-07-28,,,,,0,38,Data Dictionary Template,email,
LED-0335,CAM024,CH01,PER04,closed won,2025-10-07,2025-10-12,2025-10-20,2025-10-22,2025-12-05,1,72,Star Schema Cheatsheet,google,
LED-0336,CAM016,CH03,PER05,MQL,2025-02-07,2025-02-14,,,,0,56,None,google,
LED-0337,CAM009,CH09,PER07,Lead,2024-08-15,,,,,0,27,Data Modeling Guide,direct,
LED-0338,CAM018,CH01,PER04,mql,2025-06-10,2025-06-20,,,,0,69,Data Modeling Guide,,
LED-0339,CAM015,CH01,PER07,New Lead,2025-01-20,,,,,0,32,Webinar Recording,direct,
LED-0340,CAM004,CH08,PER05,MQL,2024-04-08,2024-04-18,,,,0,62,None,organic,
LED-0341,CAM013,CH03,PER06,MQL,2024-12-10,2024-12-18,,,,0,100,Star Schema Cheatsheet,,
LED-0342,CAM016,CH03,PER01,lead,2025-03-19,,,,,0,32,Data Dictionary Template,email,
LED-0343,CAM018,CH01,PER07,Mql,2025-04-19,2025-04-24,,,,0,51,Dashboard Best Practices,direct,
 LED-0344,CAM001,CH03,PER06,Lead,2024-02-04,,,,,FALSE,28,Data Dictionary Template,linkedin,
LED-0345,CAM012,CH01,PER03,Opportunity,2024-11-26,2024-12-05,2024-12-07,2024-12-14,,Yes,83,Case Study: Retail,email,
LED-0346,CAM011,CH07,PER03,lead,2024-08-13,,,,,0,10,Dashboard Best Practices,organic,
LED-0347,CAM002,CH01,PER03,DQ,2024-02-17,,,,,0,35,Data Modeling Guide,google,
LED-0348,CAM017,CH10,PER04,mql,2025-04-19,2025-04-22,,,,0,57,Case Study: Finance,organic,
LED-0349,CAM006,CH04,PER05,LEAD,2024-04-24,,,,,Yes,24,None,direct,
LED-0350,CAM003,CH02,PER02,sql,2024-02-16,2024-02-18,2024-02-27,,,0,73,Product Demo Request,organic,
LED-0351,CAM010,CH03,PER06,Marketing Qualified,2024-09-05,2024-09-18,,,,0,78,Case Study: Retail,facebook,
 LED-0352,CAM014,CH08,PER03,disqualified,2024-12-01,,,,,0,35,Case Study: Finance,direct,
LED-0353,CAM017,CH10,PER05,Lead,2025-02-17,,,,,0,38,Dashboard Best Practices,email,
LED-0354,CAM012,CH01,PER03,MQL,2024-11-30,2024-12-12,,,,0,93,Webinar Recording,linkedin,
LED-0355,CAM008,CH01,PER07,mql,2024-09-06,2024-09-14,,,,0,71,ROI Calculator,organic,
LED-0356,CAM009,CH09,PER02,opportunity,2024-07-15,2024-07-28,2024-07-31,2024-08-01,,0,,Case Study: Finance,google,
LED-0357,CAM014,CH08,PER06,New Lead,2024-12-08,,,,,0,43,ROI Calculator,,
 LED-0358,CAM018,CH01,PER02,Lead,2025-05-31,,,,,TRUE,21,Data Modeling Guide,,
LED-0359,CAM004,CH08,PER05,DQ,2024-06-16,,,,,1,37,Star Schema Cheatsheet,google,
LED-0360,CAM010,CH03,PER06,Marketing Qualified,2024-09-18,2024-09-19,,,,0,51,Webinar Recording,direct,
LED-0361,CAM011,CH07,PER04,mql,2024-08-14,2024-08-22,,,,FALSE,93,Data Modeling Guide,,
LED-0362,CAM019,CH08,PER02,mql,2025-05-05,2025-05-12,,,,0,82,State of BI Report 2024,direct,
LED-0363,CAM022,CH09,PER04,Opportunity,2025-09-19,2025-10-02,2025-10-05,2025-10-08,,0,78,Product Demo Request,linkedin,
LED-0364,CAM010,CH03,PER05,Sales Qualified,2024-07-31,2024-08-07,2024-08-11,,,0,,ROI Calculator,linkedin,
LED-0365,CAM018,CH01,PER02,lead,2025-04-07,,,,,0,11,None,facebook,
LED-0366,CAM004,CH08,PER04,Mql,2024-04-26,2024-05-10,,,,1,62,Star Schema Cheatsheet,google,
 LED-0367,CAM003,CH02,PER01,DQ,2024-02-16,,,,,0,23,Data Dictionary Template,linkedin,
LED-0368,CAM020,CH04,PER05,LEAD,2025-08-05,,,,,0,44,None,linkedin,
LED-0369,CAM010,CH03,PER07,Opportunity,2024-08-12,2024-08-21,2024-08-31,2024-09-03,,Yes,59,ROI Calculator,organic,
LED-0370,CAM002,CH01,PER05,MQL,2024-02-13,2024-02-20,,,,0,97,None,organic,
LED-0371,CAM003,CH02,PER06,mql,2024-04-04,2024-04-14,,,,0,90,Data Dictionary Template,google,
LED-0372,CAM005,CH07,PER02,MQL,2024-04-02,2024-04-14,,,,0,79,State of BI Report 2024,,
LED-0373,CAM008,CH01,PER06,MQL,2024-08-23,2024-08-25,,,,0,78,Free Trial Signup,google,
LED-0374,CAM012,CH01,PER03,New Lead,2024-11-30,,,,,0,24,Data Modeling Guide,direct,
LED-0375,CAM001,CH03,PER02,Mql,2024-01-19,2024-01-21,,,,0,56,Data Dictionary Template,email,
LED-0376,CAM013,CH03,PER06,Mql,2024-11-17,2024-11-29,,,,0,99,None,facebook,
LED-0377,CAM010,CH03,PER03,SQL,2024-09-06,2024-09-16,2024-09-17,,,0,95,Webinar Recording,direct,
LED-0378,CAM006,CH04,PER01,Marketing Qualified,2024-06-28,2024-07-01,,,,0,90,Data Modeling Guide,direct,
LED-0379,CAM001,CH03,PER04,CLOSED WON,2024-01-15,2024-01-24,2024-01-31,2024-02-07,2024-04-23,1,90,None,,
LED-0380,CAM004,CH08,PER06,CLOSED WON,2024-04-09,2024-04-18,2024-04-24,2024-05-01,2024-06-22,0,99,Star Schema Cheatsheet,organic,
LED-0381,CAM012,CH01,PER07,Lead,2024-11-08,,,,,TRUE,,Case Study: Retail,facebook,
LED-0382,CAM006,CH04,PER05,LEAD,2024-06-19,,,,,0,27,Product Demo Request,google,
LED-0383,CAM022,CH09,PER07,MQL,2025-07-07,2025-07-11,,,,1,92,None,direct,
LED-0384,CAM004,CH08,PER01,mql,2024-05-13,2024-05-17,,,,0,49,None,google,
LED-0385,CAM002,CH01,PER02,Won,2024-01-22,2024-01-30,2024-02-01,2024-02-02,2024-04-09,1,93,Product Demo Request,organic,
LED-0386,CAM001,CH03,PER04,Not Qualified,2024-01-08,,,,,0,19,Free Trial Signup,email,
LED-0387,CAM019,CH08,PER01,Marketing Qualified,2025-05-22,2025-05-23,,,,0,94,Case Study: Retail,organic,
LED-0388,CAM006,CH04,PER03,disqualified,2024-04-30,,,,,0,12,ROI Calculator,organic,
LED-0389,CAM012,CH01,PER06,Disqualified,2024-12-18,,,,,0,,Case Study: Finance,direct,
 LED-0390,CAM016,CH03,PER04,MQL,2025-02-05,2025-02-18,,,,0,50,Dashboard Best Practices,email,
LED-0391,CAM022,CH09,PER04,LEAD,2025-07-23,,,,,0,18,Pricing Page,organic,
LED-0392,CAM022,CH09,PER06,MQL,2025-07-08,2025-07-09,,,,1,97,None,,
LED-0393,CAM006,CH04,PER05,MQL,2024-05-15,2024-05-19,,,,0,83,Webinar Recording,direct,
LED-0394,CAM017,CH10,PER04,Lead,2025-04-22,,,,,0,,Product Demo Request,facebook,
LED-0395,CAM007,CH10,PER03,SQL,2024-05-21,2024-05-22,2024-05-31,,,0,93,Case Study: Finance,organic,
LED-0396,CAM022,CH09,PER01,lead,2025-07-04,,,,,0,19,None,google,
LED-0397,CAM020,CH04,PER02,Mql,2025-08-05,2025-08-13,,,,0,95,Data Dictionary Template,,
LED-0398,CAM003,CH02,PER03,Sql,2024-04-24,2024-04-27,2024-05-06,,,1,45,Case Study: Finance,,
LED-0399,CAM019,CH08,PER02,lead,2025-05-28,,,,,0,35,Webinar Recording,,
LED-0400,CAM002,CH01,PER05,New Lead,2024-02-10,,,,,0,33,Star Schema Cheatsheet,google,
LED-XCAM099,CAM099,CH08,PER03,LS06,2024-12-19,2024-12-20,2024-12-23,2024-12-27,2025-02-13,1,51,Case Study: Retail,unknown,legacy import
LED-XCAM000,CAM000,CH03,PER03,LS03,2024-09-10,2024-09-22,,,,0,90,Webinar Recording,unknown,legacy import
